"","Country","1949","1950","1951","1952","1953","1954","1955","1956","1957","1958","1959","1960","1961","1962","1963","1964","1965","1966","1967","1968","1969","1970","1971","1972","1973","1974","1975","1976","1977","1978","1979","1980","1981","1982","1983","1984","1985","1986","1987","1988","1989","1990","1991","1992","1993","1994","1995","1996","1997","1998","1999","2000","2001","2002","2003","2004","2005","2006","2007","2008","2009","2010","2011","2012","2013","2014","2015","2016","2017","2018","2019","2020","2021"
"Algeria","Algeria",NA,NA,NA,NA,NA,NA,NA,NA,NA,NA,NA,NA,NA,NA,2.5114855,3.4964539,3.4186352,3.5125936,3.0191004,2.6147279,2.3868674,2.1305392,2.087585,1.795844,1.688162,1.9576681,2.1310943,2.7017212,2.2419505,2.3752289,2.1386959,2.1020633,1.8180489,2.0630974,1.9512133,1.755124,1.6437069,1.7872137,1.8563763,1.7496987,1.5401238,1.4610706,1.2108341,2.1401321,2.5056316,3.14643,2.9350271,3.0940884,3.6374035,3.9656738,3.75508,3.4333856,3.8206955,3.7008294,3.2512109,3.2838845,2.8341784,2.6438075,2.923321,3.0247471,3.8485137,3.5180126,4.3257064,4.4610786,4.8445089,5.5484833,6.2702429,6.384929,5.9243833,5.4678244,6.021046,6.6599937,5.5925841
"Libya","Libya",NA,NA,NA,NA,NA,NA,NA,NA,NA,NA,NA,1.592,1.8550725,3.1041667,2.4079422,1.84375,1.8571429,2.9149233,3.3609467,2.8559464,3.7628866,6.0729313,5.3226798,3.7096774,3.984862,3.2912696,2.2539683,1.9686163,2.4639944,3.7992264,3.2207494,2.9223644,1.7551138,2.2405258,NA,NA,NA,NA,NA,NA,NA,NA,NA,NA,NA,NA,NA,NA,4.0780267,5.2974415,3.7838602,3.1468637,2.4135079,2.0692385,2.0720481,2.0710745,1.5281112,1.1203354,0.9466775,1.4898511,NA,NA,NA,3.7456038,7.6393308,15.4795763,NA,NA,NA,NA,NA,NA,NA
"Morocco","Morocco",NA,NA,NA,NA,NA,NA,NA,1.1806543,1.7590028,2.1419829,2.4697337,2.3157316,2.7024336,2.5659134,3.1956155,2.8358687,2.4293313,2.6775701,2.6176471,3.0045722,2.3902168,2.3160062,2.6286249,2.8439153,3.0617978,3.1458333,4.6029129,6.220434,6.6197749,5.8368087,5.6334623,5.9400729,6.384594,6.2208683,4.5056586,4.0181909,5.3904352,4.3044596,4.3693148,4.1285158,4.3929174,4.148825,4.1428429,4.2980483,4.6555717,4.4938194,4.3474105,3.9490929,4.1926594,3.4563344,2.4207632,2.6851723,3.7261359,3.491788,3.4942075,3.2494676,3.2579968,3.1097963,3.0469537,3.1835014,3.2886518,3.3907961,3.2974952,3.4627501,3.8057829,3.6778564,3.2301533,3.2195264,3.1830412,3.1185876,3.099936,4.2810289,4.183513
"Tunisia","Tunisia",NA,NA,NA,NA,NA,NA,NA,NA,NA,NA,NA,2.0047876,2.2159091,1.7296051,1.5080113,1.744186,1.2877186,1.3174748,1.4210526,1.4426846,1.3142351,1.5616728,1.475261,1.4145199,1.3984192,1.311539,1.7399793,1.8623901,2.3814955,2.4880229,2.238193,2.0287193,2.4810778,3.6919036,4.1672583,2.7553415,2.3355734,2.0866761,1.8231846,2.1034759,2.1145504,1.8394566,1.8337085,1.7061259,1.732114,1.7421232,1.7447076,1.8675352,1.7263845,1.6779715,1.5560758,1.547904,1.5211125,1.4926429,1.4838857,1.4259021,1.4516014,1.4463624,1.2609939,1.2906249,1.2949496,1.29665,1.5612733,1.5123425,1.641616,1.9081607,2.2698652,2.3608197,2.1443021,2.1133849,2.5645593,2.9077445,2.8289775
"Angola","Angola",NA,NA,NA,NA,NA,NA,NA,NA,NA,NA,NA,NA,NA,NA,NA,NA,NA,NA,NA,NA,NA,NA,NA,NA,NA,NA,NA,NA,NA,NA,NA,NA,NA,NA,NA,NA,1.715e-05,1.73e-05,22.25,21.9805,19.4323333,17.4636667,7.1025,5.6828305,17.5225891,5.7092807,4.7073928,2.4478482,5.9722682,2.6420119,17.3346922,6.3926032,4.5243538,2.8699324,3.7614791,3.4711802,3.6922409,3.7614953,3.1140545,3.5731204,4.70961,4.1775846,3.2556604,3.2366595,4.4552394,4.6984545,3.1054263,2.7333407,2.5079855,1.8717759,1.6437403,1.4441631,1.1320598
"Benin","Benin",NA,NA,NA,NA,NA,NA,NA,NA,NA,NA,NA,0.8715847,1.395288,1.751634,1.7368421,2.181699,2.1065089,1.9002326,1.9762521,2.0721248,1.8947368,1.6252815,1.601042,1.4877943,1.6775281,1.4423792,1.4929078,1.2816479,1.6787879,1.1943069,1.93046,2.0316514,1.5513713,1.0492986,1.1889707,1.4586989,1.3049319,1.3550965,1.5695985,1.5640912,1.3078961,1.2251571,NA,NA,NA,NA,NA,NA,NA,NA,0.4853892,0.4128523,0.3579711,0.6228195,0.6472232,0.6761499,0.6809707,0.6657233,NA,0.663959,NA,NA,NA,0.7020562,0.6872397,0.7009249,0.7984847,0.6735967,0.9206131,0.6328575,0.4729348,0.4706349,0.5606214
"Botswana","Botswana",NA,NA,NA,NA,NA,NA,NA,NA,NA,NA,NA,NA,NA,NA,NA,NA,NA,NA,NA,NA,NA,NA,NA,NA,NA,NA,NA,NA,1.3565726,2.874909,3.5014994,3.2076205,2.9782981,2.6947439,2.3263377,2.4372708,2.1847315,2.6635958,4.7944146,4.899677,3.5690101,4.445158,4.6034699,4.482809,4.933492,4.0081204,3.5064797,2.8995215,3.1972046,3.7793988,3.0920738,3.191243,3.831223,4.1102065,4.0073666,3.505874,2.8580042,2.6951214,2.8014552,3.0369682,3.2155906,2.7268587,2.3666463,2.2667611,2.0563955,2.1308555,2.6602666,3.2877759,3.0058788,2.6760889,2.812261,3.2024098,2.8596404
"Burkina Faso","Burkina Faso",NA,NA,NA,NA,NA,NA,NA,NA,NA,NA,NA,0.6820175,0.8343685,2.3457031,2.3830571,2.6051587,1.5248227,1.6494845,1.3250729,1.178481,1.2467223,1.1722391,1.1771654,1.1398537,1.2351869,1.1519084,2.8111837,3.1238286,3.0432666,3.2831461,2.6986139,2.7466912,2.8426897,3.0033036,2.9321834,3.0171674,1.8365254,2.6218935,2.2525865,2.3108126,2.7407741,2.704893,2.1668693,2.0496516,1.8625299,1.4228847,1.3830427,1.2870885,1.417055,1.2763626,1.3855314,1.3921628,1.2997899,1.32441,1.2072833,1.3579684,1.3513945,1.2490867,1.5922676,1.3979038,1.5214547,1.3775163,1.2947595,1.3230237,1.3901028,1.4312855,1.4198152,1.3753624,1.5562732,2.1650417,2.6060375,2.7339538,2.8911338
"Burundi","Burundi",NA,NA,NA,NA,NA,NA,NA,NA,NA,NA,NA,NA,NA,3.9437939,0.4347826,0.4456205,1.352337,1.3822879,1.3326069,1.4142233,1.7544914,NA,1.0324087,1.458671,1.9462123,2.2250828,2.0568071,2.2236012,2.5333817,2.7963737,2.6437153,2.9188034,3.0303302,3.5070249,3.1048089,2.9754008,2.7511726,2.8054132,2.6491399,3.1452451,3.3495221,3.4487125,3.7862709,3.5956379,3.7202758,3.9211112,4.2090729,5.8568849,6.359653,6.5722725,6.2576437,4.8624022,6.0717372,5.4416789,5.5334354,4.9032668,4.43619,3.5117185,3.4145952,2.7208905,NA,NA,NA,2.5271777,2.3676382,2.1190904,2.2018627,2.1156252,1.8706522,1.8821614,2.497152,1.979216,1.9228018
"Cameroon","Cameroon",NA,NA,NA,NA,NA,NA,NA,NA,NA,NA,NA,NA,NA,NA,NA,NA,NA,NA,NA,NA,NA,1.8721279,1.8426704,1.7628547,1.7606742,1.6919407,1.7275939,1.762325,1.7158501,1.6651172,1.6553637,1.5558177,1.8189156,1.9905191,1.8906841,1.7402191,1.3398357,1.2178235,1.2500255,1.2847962,1.3336892,1.4745666,1.5145517,1.5326056,1.3261246,1.3103401,1.2516448,1.2248379,1.3012417,1.3965094,1.4438524,1.3247489,1.29036,1.3385068,1.383807,1.4016038,1.2432208,1.3273775,1.3266064,1.3123391,1.3193401,1.3542566,1.1844351,1.2178466,1.2144146,1.149089,1.1444333,1.1875364,1.1737935,1.1115953,1.0867592,1.010443,1.0240893
"Cape Verde","Cape Verde",NA,NA,NA,NA,NA,NA,NA,NA,NA,NA,NA,NA,NA,NA,NA,NA,NA,NA,NA,NA,NA,NA,NA,NA,NA,NA,NA,NA,NA,NA,NA,NA,NA,NA,NA,2.792399,2.4634444,2.3355315,2.1036762,1.9138856,NA,NA,NA,0.9925925,0.7565805,0.8388786,1.2650809,0.8441753,0.8310075,0.8585404,0.8385432,1.1540259,0.7536152,0.6654803,0.6487536,0.6309784,0.6494972,0.5647412,0.5247032,0.6012694,0.4908776,0.4950619,0.5232411,0.5557651,0.5303039,0.5408074,0.5589823,0.6118269,0.5308572,0.5420084,0.4882131,0.5901907,0.535772
"Central African Republic","Central African Republic",NA,NA,NA,NA,NA,NA,NA,NA,NA,NA,NA,NA,NA,NA,NA,NA,NA,NA,NA,NA,NA,NA,NA,NA,NA,NA,NA,NA,NA,NA,NA,NA,NA,NA,NA,NA,NA,NA,NA,NA,NA,NA,1.5680693,1.6421253,1.4970878,1.2558827,1.1667819,1.2101921,NA,NA,NA,NA,NA,1.1091312,1.3530999,1.201693,1.1512364,NA,1.1258785,1.587182,1.8162067,2.597425,2.2715588,1.9701289,3.155824,2.2553896,1.686089,1.5283326,1.4359676,1.4330405,1.9155292,2.0101437,1.8586751
"Chad","Chad",NA,NA,NA,NA,NA,NA,NA,NA,NA,NA,NA,NA,NA,NA,NA,NA,NA,NA,NA,NA,NA,NA,NA,NA,NA,NA,NA,NA,NA,NA,NA,NA,NA,NA,4.7288777,4.3575697,3.6630037,4.5700379,2.9453818,5.2536232,3.9352864,1.9750739,NA,1.8771331,2.679218,1.8775759,1.3856173,1.5446363,1.0758651,0.9229573,1.3652238,1.3620453,1.3540214,1.5244744,1.3225224,1.011625,0.831978,2.9956269,4.4859488,5.8851526,7.9556621,5.7649331,5.0100965,NA,5.5923132,2.806514,2.0188219,3.0684751,2.2385892,2.3394685,2.187153,3.0784057,2.794138
"Congo, DR","Congo, DR",NA,NA,NA,NA,NA,NA,NA,NA,NA,NA,NA,NA,NA,NA,NA,3.91429e-05,NA,4.31e-05,NA,4.215e-05,4.17241e-05,5.51613e-05,4.85714e-05,4.02564e-05,3.4898e-05,5.26667e-05,4.53125e-05,3.35789e-05,3.49242e-05,3.27322e-05,2.97297e-05,NA,NA,NA,NA,NA,NA,NA,NA,NA,NA,NA,NA,NA,5.2260857,NA,NA,1.5468011,1.4108511,0.4284542,1.1581507,0.2202608,NA,NA,0.8806457,1.3366044,1.3807955,1.4346339,1.2540755,0.8085425,0.6562398,0.8517313,0.9241091,1.1345503,1.146178,0.9502471,1.2956397,1.0661082,0.7704671,0.6239125,0.708059,0.749454,0.5616858
"Congo, Republic","Congo, Republic",NA,NA,NA,NA,NA,NA,NA,NA,NA,NA,NA,NA,NA,NA,NA,NA,NA,NA,NA,NA,NA,4.8604027,4.600243,3.5296703,4.2202729,4.2408759,4.4974937,4.7318339,4.9532196,4.3197176,4.3937132,3.3659822,3.1870962,3.3450457,NA,2.2531038,2.5751957,NA,4.3741674,NA,NA,NA,NA,4.2875564,4.0778742,NA,NA,NA,NA,NA,NA,NA,1.9484939,2.3412039,2.6824983,2.6738741,1.6578939,1.6371147,2.260495,2.0413,NA,1.7782762,NA,NA,2.6177952,5.0073707,NA,6.4487824,4.2093754,2.5081173,2.7482966,3.3843306,2.912712
"Cote d'Ivoire","Cote d'Ivoire",NA,NA,NA,NA,NA,NA,NA,NA,NA,NA,NA,NA,NA,1.2755344,0.9989889,1.1439299,1.3196995,1.2635659,1.3126587,1.16049,1.1487965,1.1810075,1.500341,1.6956337,1.1303426,1.3396482,1.1784302,1.1188861,0.7947686,1.0980931,1.1237723,1.1642867,1.091036,1.1421677,1.1150466,1.0255904,0.9969695,1.0535287,1.2170988,1.2491406,1.3303747,1.3334354,1.3748563,1.4074539,1.428552,1.096734,NA,0.8449186,0.7968516,NA,NA,NA,NA,NA,1.3916051,1.5150718,1.4625342,1.5019487,1.5907645,1.5228557,1.7302395,1.557966,1.392028,1.5214171,1.3753873,1.475969,1.719446,1.7074637,1.3295999,1.4134354,1.2274807,1.32824,1.2514813
"Djibouti","Djibouti",NA,NA,NA,NA,NA,NA,NA,NA,NA,NA,NA,NA,NA,NA,NA,NA,NA,NA,NA,NA,NA,NA,NA,NA,NA,NA,NA,NA,NA,0.0209424,0.0175055,0.5355396,1.415326,7.485064,7.6596932,NA,NA,NA,NA,NA,NA,NA,6.6508845,6.7600281,6.1587372,5.7574447,5.791646,5.0804788,5.4749861,5.6508745,5.4780897,5.0691012,NA,NA,NA,5.6071791,6.3286906,6.4419558,4.0719436,3.6880711,NA,NA,NA,NA,NA,NA,NA,NA,NA,NA,NA,NA,NA
"Equatorial Guinea","Equatorial Guinea",NA,NA,NA,NA,NA,NA,NA,NA,NA,NA,NA,NA,NA,NA,NA,NA,NA,NA,NA,NA,NA,NA,NA,NA,NA,NA,NA,NA,NA,NA,NA,NA,NA,NA,NA,NA,NA,NA,NA,NA,NA,NA,NA,NA,NA,1.986423,2.0456169,NA,NA,NA,NA,NA,NA,NA,NA,NA,NA,NA,1.5018258,1.4823091,2.4749296,NA,NA,NA,NA,0.7661779,1.0414321,1.2371234,1.1003688,1.0721413,1.2140828,1.5105267,1.3051715
"Eritrea","Eritrea",NA,NA,NA,NA,NA,NA,NA,NA,NA,NA,NA,NA,NA,NA,NA,NA,NA,NA,NA,NA,NA,NA,NA,NA,NA,NA,NA,NA,NA,NA,NA,NA,NA,NA,NA,NA,NA,NA,NA,NA,NA,NA,NA,NA,21.3291139,12.715942,19.5391124,20.3448191,11.860415,32.4970666,34.3777685,32.6556712,22.1367916,20.6718784,20.8657453,NA,NA,NA,NA,NA,NA,NA,NA,NA,NA,NA,NA,NA,NA,NA,NA,NA,NA
"Ethiopia","Ethiopia",NA,NA,NA,NA,NA,NA,NA,NA,NA,NA,NA,NA,1.8558776,1.9321903,2.4283668,2.9215845,3.2299353,3.1071991,2.486225,2.1956164,2.0206646,1.8831098,1.9060715,1.9364103,1.9255541,2.7945824,4.4920621,4.1317225,3.9677809,4.8109025,6.886588,8.7085821,7.536958,7.5390184,7.1796178,7.9691482,6.8239042,6.6972376,6.8556737,8.5014361,10.2766485,9.6579698,5.7051315,3.4417083,3.0716884,2.8684387,2.2256161,2.1171385,3.3431775,7.2769361,9.5069427,7.6138439,4.3490208,3.7193881,3.2388427,3.0726504,2.7615514,2.2665374,1.863274,1.4898092,1.1848026,1.1335865,1.0907074,0.8683621,0.8064171,0.7684111,0.7054139,0.6954622,0.6850778,0.6451904,0.5781808,0.5258004,0.5278282
"Gabon","Gabon",NA,NA,NA,NA,NA,NA,NA,NA,NA,NA,NA,NA,NA,NA,NA,NA,NA,NA,1.1077844,1.0150889,1.3675957,1.4324019,1.4405328,1.5502304,1.3035382,0.6795803,0.7807093,0.6684745,1.0297015,NA,1.8771331,1.6036275,2.2868032,2.4476407,2.5535866,2.2554942,2.859047,3.9959277,NA,NA,NA,NA,NA,NA,NA,NA,NA,NA,NA,NA,NA,1.8014522,1.7939521,1.7831703,1.6683279,1.6131662,1.2486822,1.2826192,NA,NA,NA,1.8716226,1.4624342,1.6198046,1.6040472,1.1448184,1.1850256,1.4475426,1.8104895,1.5487228,1.5809017,1.7102611,1.7100361
"Gambia, The","Gambia, The",NA,NA,NA,NA,NA,NA,NA,NA,NA,NA,NA,NA,NA,NA,NA,NA,NA,NA,NA,NA,NA,NA,NA,NA,NA,NA,NA,NA,NA,NA,NA,NA,NA,NA,0.340909,0.4775016,0.5512259,0.563939,0.6310866,0.8105313,0.9583923,0.461266,0.5042433,0.4096505,0.2792198,0.2555575,0.3046157,0.3973075,0.4075759,0.3848338,0.3258331,0.3157936,0.2348621,0.2443808,0.2273886,0.1926214,0.2770274,0.2602424,0.3553184,1.0989842,0.4892836,NA,NA,0.7896135,0.7544943,1.1875091,1.0088585,NA,NA,0.702928,0.8102457,0.8282821,0.7486514
"Ghana","Ghana",NA,NA,NA,NA,NA,NA,NA,NA,NA,1.0035162,1.0308261,1.706659,2.1030043,2.001003,2.0163488,1.9219887,1.7326057,2.226614,NA,2.6558824,2.5012506,2.1181939,1.7013195,1.4298401,1.3649343,1.5815451,1.7149347,1.5668097,1.2532473,0.8512818,0.6463043,0.7735748,0.7411135,NA,0.3411795,0.5932119,1.0004431,0.9005168,0.8926273,0.4378805,0.4308465,0.2765104,0.368975,0.3773472,0.4219516,0.4265867,0.4660927,0.3935408,0.4054286,0.471706,0.4717952,0.627279,0.373923,0.3683538,0.4285128,0.3897773,0.3674593,0.371043,0.5092499,0.3984446,0.4553524,0.3806777,0.5922598,0.8041653,0.5333964,0.6789985,0.5265142,0.3823799,0.401629,0.4196603,0.4419361,0.4461562,0.4921006
"Guinea","Guinea",NA,NA,NA,NA,NA,NA,NA,NA,NA,NA,NA,NA,NA,NA,NA,NA,NA,NA,NA,NA,NA,NA,NA,NA,NA,NA,NA,NA,NA,NA,NA,0.9023576,0.7938283,0.6391086,NA,NA,NA,NA,NA,NA,NA,NA,2.3805543,1.6946406,1.3407094,1.3561169,NA,NA,1.1728193,1.2549918,1.5951311,1.5346375,3.1002105,3.3246802,2.4411814,2.2285644,NA,NA,NA,NA,NA,NA,NA,2.2865982,2.3496068,2.2402195,2.5177353,1.8820538,1.7681225,1.6368142,1.4451357,1.4388994,1.4845411
"Guinea-Bissau","Guinea-Bissau",NA,NA,NA,NA,NA,NA,NA,NA,NA,NA,NA,NA,NA,NA,NA,NA,NA,NA,NA,NA,NA,NA,NA,NA,NA,NA,NA,NA,NA,NA,NA,NA,NA,0.00869458,0.0134783,0.015024,0.0109031,0.0243964,0.058087,NA,0.181085,NA,NA,NA,NA,0.317965,0.4955681,0.5665931,0.6505212,1.4047619,NA,2.6280304,1.6267268,1.5586029,1.5754231,NA,2.0648367,NA,NA,NA,1.6623848,2.0175261,1.5950591,2.4755946,2.0760181,2.0380235,1.6259612,1.3354096,1.4245786,1.4853695,1.6527943,1.7361526,1.7826387
"Kenya","Kenya",NA,NA,NA,NA,NA,NA,NA,NA,NA,NA,NA,NA,NA,NA,0.2064897,0.5898876,0.9903348,1.1332685,1.3049937,1.2183429,1.0800691,1.0574833,1.2277151,1.5418118,1.659278,1.7770026,1.8789026,2.484743,3.7401755,5.1992922,5.5016058,4.5153198,4.2253248,4.5727832,4.1952339,3.4769125,2.3757575,2.5035753,3.1337435,2.9455534,2.7408517,2.888215,2.3542581,1.9007468,1.8377416,1.6412528,1.6467162,1.4179547,1.3406386,1.2201225,1.1869741,1.313742,1.5047549,1.6324078,1.6500998,1.6141942,1.690587,1.4551774,1.5479123,1.6158503,1.561448,1.5551379,1.541419,1.666389,1.5619099,1.3329027,1.3180703,1.3487398,1.289111,1.2664088,1.1676914,1.1139327,1.1191091
"Lesotho","Lesotho",NA,NA,NA,NA,NA,NA,NA,NA,NA,NA,NA,NA,NA,NA,NA,NA,NA,NA,NA,NA,NA,NA,NA,NA,NA,NA,NA,1.5517913,1.4381321,1.5056083,1.8512075,3.1585366,3.3115104,4.3577367,4.0130568,3.9791438,4.3140991,4.8399873,4.1813131,3.3697552,4.3077147,3.550476,2.888847,2.7064535,2.4754727,2.7411224,3.2418894,2.8246737,2.7121773,2.8519285,3.5624512,3.2849261,2.744178,2.516393,2.3690009,2.1316629,2.0492596,2.074225,2.0812227,1.4536423,2.4753919,2.8483852,2.0423637,1.9349228,1.8233886,1.7680968,1.7334281,1.7794988,1.9530556,1.7886029,1.6225202,1.6195645,1.2871875
"Liberia","Liberia",NA,NA,NA,NA,NA,NA,NA,NA,NA,NA,NA,NA,NA,NA,NA,NA,1.1774967,1.1451943,1.1685824,1.1018786,0.9934853,1.098731,1.1859444,1.1002445,0.9689922,0.9342916,0.952381,1.0725658,1.1515602,1.240937,1.1546493,1.4917515,3.1128175,5.0179419,4.7060967,2.9404832,2.9543052,2.8953627,2.2872122,2.407782,NA,NA,7.183908,10.1342282,18.9837905,29.7276853,NA,NA,NA,NA,NA,NA,NA,NA,NA,0.6343517,0.8564421,0.476174,0.3110752,0.4979522,0.6517498,0.8167389,1.058785,1.1820274,1.0812368,1.0325292,1.0514981,1.0626383,0.9400093,0.938216,0.9403053,0.914742,0.9512946
"Madagascar","Madagascar",NA,NA,NA,NA,NA,NA,NA,NA,NA,NA,NA,NA,1.5021521,1.5373134,1.4603699,1.45875,1.5908544,1.5422749,1.5500259,1.5462185,1.5072464,1.351243,1.3165736,1.4881933,1.5238575,1.6706892,1.6371457,1.8802096,2.3071993,2.419852,2.9272391,2.7689185,2.9784537,NA,NA,1.8731563,1.7800549,1.5519354,1.4290401,1.3471834,1.2108653,1.231511,1.2963491,0.7699219,1.122324,0.9264735,0.859888,1.2376344,1.4819124,1.3489275,1.2102292,1.2175139,1.4358476,1.3131616,1.3247573,1.2482267,1.0719415,0.9774312,1.1158647,1.0971153,0.8302029,0.6520425,0.7277071,0.6919117,0.6779837,0.6527994,0.6047965,0.5940033,0.5800223,0.6056861,0.623972,0.7386798,0.7700343
"Malawi","Malawi",NA,NA,NA,NA,NA,NA,NA,NA,NA,NA,NA,NA,NA,NA,NA,NA,0.7019978,0.6457926,0.7169374,0.6954303,0.6679624,0.6411456,0.5815169,0.6021999,1.0604396,0.9669556,1.5268076,1.373366,1.6899038,2.6945173,4.0659341,4.2931052,3.1111813,2.2869649,1.8164103,1.559535,1.7511183,2.0954678,1.8288064,1.5113081,1.4970709,1.3086057,1.0757301,1.402486,1.2629754,1.4218801,0.7905592,0.8834681,0.9915561,0.8136398,0.8110145,0.6726388,0.738822,0.4238229,0.4087925,0.6318681,1.0452616,0.7776515,0.757952,0.835637,0.9497046,0.718201,0.6597285,0.7656307,1.1401853,0.8177259,0.634771,0.6419605,0.7646428,0.8470258,1.1003421,1.0675741,0.9489696
"Mali","Mali",NA,NA,NA,NA,NA,NA,NA,NA,NA,NA,NA,NA,2.7022472,2.8913043,2.6469136,2.8687783,2.5199115,2.4080338,2.4038462,1.9908116,2.1755162,2.2280472,1.9161677,2.3755656,2.6558089,2.8659161,3.1660232,2.9115342,3.1295844,3.2139578,2.9661017,2.0792956,1.960762,2.106795,1.9836601,1.9726074,2.1424163,2.0267689,2.1167861,2.2134681,2.1120113,1.9564942,NA,NA,1.5637935,1.4380263,1.4970171,1.4284106,1.4968522,1.4046323,1.4922899,1.4786497,1.2951722,1.2688504,1.4193331,1.4219988,1.384312,1.3914154,1.355034,1.4585471,1.4172829,1.3745668,1.2410333,1.1964057,1.16198,1.5203792,2.3601623,2.5872269,3.0266355,2.8069447,2.7135264,3.3281448,2.8219483
"Mauritania","Mauritania",NA,NA,NA,NA,NA,NA,NA,NA,NA,NA,NA,NA,NA,NA,NA,NA,NA,NA,NA,NA,NA,NA,NA,NA,NA,NA,NA,NA,NA,NA,NA,NA,NA,NA,NA,NA,5.9458952,5.0367629,4.669587,4.4897506,3.9611369,3.8279265,3.6005124,2.6890664,2.412423,2.2408619,2.2601546,2.6263412,2.9672601,1.862441,2.2736379,2.9280054,4.0023844,2.7393835,3.9952757,3.8381201,3.0515558,2.6936472,NA,3.059334,3.1353242,NA,NA,2.2616415,2.1273684,2.155907,2.1031237,2.0907861,2.0422734,2.1124821,1.9806632,2.4516636,2.3781622
"Mauritius","Mauritius",NA,NA,NA,NA,NA,NA,NA,NA,NA,NA,NA,NA,NA,NA,NA,NA,NA,NA,NA,0.1557971,0.1805019,0.2194656,0.2239449,0.202514,0.1889849,0.1399254,0.1917447,0.1870748,0.1727306,0.1725791,0.2048429,0.4892492,0.466745,0.2622601,0.2691374,0.2520891,0.2196414,0.1979695,0.1940385,0.2196423,0.2900162,0.3460953,0.3674218,0.3544241,0.3302542,0.3331456,0.3328256,0.2933902,0.2340789,0.2028148,0.2081353,0.2007188,0.1945804,0.19627,0.1871028,0.1662168,0.1677697,0.160651,0.142725,0.1559521,0.1677772,0.1486906,0.1520353,0.1427944,0.1912744,0.1542103,0.1461357,0.1798673,0.1710407,0.1624918,0.1529279,0.163281,0.1695577
"Mozambique","Mozambique",NA,NA,NA,NA,NA,NA,NA,NA,NA,NA,NA,NA,NA,NA,NA,NA,NA,NA,NA,NA,NA,NA,NA,NA,NA,NA,NA,NA,NA,NA,NA,3.8333333,4.2804878,4.9240506,6.232,7.0731707,5.7657658,5.6557377,6.1832061,5.3090333,5.9434914,5.8612975,2.6120321,2.9684454,2.8708839,3.3035017,1.4604823,1.1116817,1.1027414,1.1392117,1.2458694,1.2844579,1.2421712,1.2736356,1.2809422,1.3624211,0.9462319,0.8094673,0.6689539,0.6649217,0.7054226,0.8919023,0.8265532,0.850726,0.9301822,0.9807595,0.8402853,0.9295846,0.9879644,1.3353365,1.4199869,2.0206047,1.51119
"Namibia","Namibia",NA,NA,NA,NA,NA,NA,NA,NA,NA,NA,NA,NA,NA,NA,NA,NA,NA,NA,NA,NA,NA,NA,NA,NA,NA,NA,NA,NA,NA,NA,NA,NA,NA,NA,NA,NA,NA,NA,NA,NA,NA,NA,5.615255,4.2504188,2.4645238,1.7512339,1.9478986,1.903604,2.3013551,2.3218372,3.1240331,2.7067328,3.0087409,2.6178454,2.6249129,2.5275897,2.6452053,2.5012494,2.6104246,3.1372616,3.3743637,3.514744,3.574589,3.1665132,3.0662332,4.2034296,4.4053911,3.77255,3.3461699,3.1406596,3.0929326,3.2271297,3.0017199
"Niger","Niger",NA,NA,NA,NA,NA,NA,NA,NA,NA,NA,NA,NA,NA,NA,NA,NA,NA,NA,NA,NA,NA,NA,NA,NA,NA,NA,0.8708426,0.8217739,0.9366343,0.9281737,0.8391245,0.6713913,0.6317539,0.6334842,0.6851987,0.7277569,0.7438356,0.7695035,0.6352104,NA,NA,NA,NA,NA,NA,1.232372,0.9709763,0.8614015,0.9325946,1.0612245,1.1669081,1.1646108,1.3201598,0.963348,0.9317636,1.0911873,0.9735767,NA,NA,0.9925378,0.9820098,1.1696912,1.3098037,2.144357,1.3832153,1.7690857,NA,2.1853062,2.4869458,2.4719406,2.6510439,2.4342383,1.8416716
"Nigeria","Nigeria",NA,NA,NA,NA,NA,NA,NA,NA,NA,NA,NA,0.6958333,0.8494533,1.0969793,1.1031908,1.2337043,1.401452,1.101151,5.8082006,9.1591383,10.3169579,5.2792501,4.3921198,5.3902689,5.4784681,4.3440114,8.1240684,5.7913978,6.0241179,5.3260478,4.3223341,3.2956037,2.7700721,2.2672017,2.2198413,1.5567948,1.4367863,1.3115536,0.7697937,0.8843513,0.5798946,0.8331153,0.7736913,0.5640107,0.9332183,0.7814523,0.4835588,0.4061778,0.4358358,0.5483124,0.8554156,0.5435316,0.7803159,0.954338,0.5707075,0.4909968,0.3974229,0.3483754,0.3703548,0.4890841,0.5058556,0.5392311,0.579227,0.5025411,0.4696953,0.4147188,0.4176365,0.4329478,0.4306712,0.5069445,0.4591705,0.6279078,0.9702492
"Rwanda","Rwanda",NA,NA,NA,NA,NA,NA,NA,NA,NA,NA,NA,NA,NA,NA,NA,NA,NA,NA,NA,NA,NA,NA,NA,NA,1.8848921,1.4715447,1.6287879,1.6138934,2.1522346,1.5881628,1.7474333,1.8768519,2.0391517,2.0030558,1.8951443,1.6040226,1.5883708,1.7955347,1.6752336,1.5942607,1.7537588,3.729166,5.5091722,4.2906021,4.5363754,3.437877,0.6078029,5.3285561,4.1735256,4.3776473,4.4481054,3.535503,3.3962264,3.0489335,2.4471299,1.973466,1.7430556,1.7308798,1.4531549,1.3920241,1.3993894,1.2905158,1.1612394,1.090721,1.0820653,1.1344127,1.2525835,1.2826563,1.2646749,1.2517404,1.2396452,1.4474803,1.5453244
"Senegal","Senegal",NA,NA,NA,NA,NA,NA,NA,NA,NA,NA,NA,NA,NA,NA,NA,NA,NA,NA,NA,NA,NA,NA,NA,NA,NA,NA,NA,NA,NA,NA,3.4311347,2.7552703,2.7344148,2.3495108,2.5458846,2.4079526,2.1928625,2.0400414,1.9811881,2.1117845,2.0276962,1.633469,1.5470556,1.4439999,1.668304,1.3476197,1.3100991,1.2439179,1.1969122,1.1791419,1.2021268,1.0483603,1.1156675,1.1012404,1.1154428,1.0578249,1.1286015,1.2538574,1.3496322,1.2794858,1.3221399,1.2071049,1.2875056,1.1032642,1.2486057,1.213366,1.2090992,1.6020975,1.471063,1.6582401,1.5134793,1.4200943,1.7579138
"Seychelles","Seychelles",NA,NA,NA,NA,NA,NA,NA,NA,NA,NA,NA,NA,NA,NA,NA,NA,NA,NA,NA,NA,NA,NA,NA,NA,NA,NA,NA,NA,NA,NA,NA,NA,NA,NA,NA,NA,4.2908125,4.6744186,4.5418726,4.2803848,4.2768319,4.0262315,4.424019,4.7273873,2.7596134,2.4436855,2.2811803,2.0957485,2.02481,1.7329156,1.7829254,1.6793328,1.7782655,1.6773755,1.7343164,1.8976402,1.6023524,1.41343,1.4682836,1.1501932,1.0208783,0.7379154,0.8555041,0.9366796,1.0365589,2.3015112,1.3140797,1.535706,1.4845212,1.3800463,1.3353613,1.5846804,1.4686058
"Sierra Leone","Sierra Leone",NA,NA,NA,NA,NA,NA,NA,NA,NA,NA,NA,NA,0.7265543,0.7142137,0.7631318,0.780771,0.7226484,0.6926308,0.7969466,0.8048692,0.872658,0.9349845,0.8987378,0.9530635,1.0424612,1.213897,1.0302078,1.0920945,1.0884171,0.9998824,1.1076564,1.4452618,1.4161894,1.0906825,1.0287298,0.912255,0.7331042,1.4743915,0.6946422,0.8541029,1.5429002,1.3066467,2.0364571,2.6869107,2.0801211,1.9911689,1.9692916,1.3529504,0.7649166,1.0247022,1.74034,2.5121556,2.7425273,2.1646176,2.053953,1.5849466,1.4268139,1.4863958,1.3469934,0.9437063,1.0760332,0.9721505,0.8658135,0.7828005,0.6439659,0.9732621,0.9234533,1.1163824,1.0938169,0.7519926,0.6724773,0.5466054,0.6090659
"Somalia","Somalia",NA,NA,NA,NA,NA,NA,NA,NA,NA,NA,NA,NA,0.2308254,0.2544704,0.2901554,0.3304878,0.2969558,0.3536453,0.3879444,0.4072266,0.4195804,0.4960142,0.4830508,0.4536082,0.5054945,0.7271492,0.5162011,0.5175128,0.4607558,0.9949884,0.974661,0.5497352,0.6077098,0.2882666,0.2393245,0.1431276,0.0507097,28.9482415,16.9562113,17.4357168,1.5299921,NA,NA,NA,NA,NA,NA,NA,NA,NA,NA,NA,NA,NA,NA,NA,NA,NA,NA,NA,NA,NA,NA,NA,NA,NA,NA,NA,NA,NA,NA,NA,NA
"South Africa","South Africa",NA,NA,1.6205383,1.7395423,1.3517711,1.2022892,1.2160519,1.2929434,1.3002023,0.9809396,0.8806707,0.9509771,1.4678491,2.2548373,2.0646085,2.6956088,2.6308289,2.704873,2.7880185,2.7611753,2.6084793,2.3337451,2.458193,2.3726689,2.6469098,3.0851993,3.8749547,4.7279906,5.2633346,4.5621989,3.8630737,3.3046337,3.6381292,3.6140933,3.6046482,3.695607,3.6983338,3.8205763,4.1921705,4.623759,4.3578847,3.8963515,3.2226339,2.8176506,2.4955237,2.5619659,2.117864,1.7558788,1.5821336,1.3831667,1.2720529,1.3872891,1.483161,1.5293096,1.4688112,1.3557286,1.3837697,1.290747,1.1775173,1.1458433,1.214002,1.1158083,1.1032577,1.1327931,1.1232743,1.1094379,1.0991821,1.0651996,1.0300606,0.9849614,0.9779702,1.1015318,0.8972529
"South Sudan","South Sudan",NA,NA,NA,NA,NA,NA,NA,NA,NA,NA,NA,NA,NA,NA,NA,NA,NA,NA,NA,NA,NA,NA,NA,NA,NA,NA,NA,NA,NA,NA,NA,NA,NA,NA,NA,NA,NA,NA,NA,NA,NA,NA,NA,NA,NA,NA,NA,NA,NA,NA,NA,NA,NA,NA,NA,NA,NA,NA,NA,5.761289,4.9684626,4.1406325,6.0944153,8.7711241,6.5727575,8.6195599,10.5614615,4.6015315,2.3545378,3.6498926,3.5581849,2.6339922,2.368215
"Sudan","Sudan",NA,NA,NA,NA,NA,NA,NA,1.12,1.6366667,1.5197568,1.7100592,1.9174041,1.8449612,2.0595238,2.1491228,3.1422414,4.115304,3.5251509,3.6546185,3.75,5.1972556,4.9540079,4.6033654,4.1917503,3.1621188,2.5678359,2.2510823,2.6666667,2.6156034,2.0406909,2.5931521,2.3027047,1.7818068,2.4404762,3.268686,4.0845195,3.3996981,3.2272479,2.5527131,3.5519651,NA,NA,NA,NA,NA,NA,NA,NA,0.9543049,2.3796607,4.0097861,4.7914209,2.9440449,3.2738004,2.2561844,5.7826202,4.392312,4.6002713,5.2880464,4.9789323,5.4539303,NA,NA,NA,NA,NA,2.6559218,2.6502324,3.5071661,1.7834574,1.6446211,1.1317257,1.0164471
"Eswatini","Eswatini",NA,NA,NA,NA,NA,NA,NA,NA,NA,NA,NA,NA,NA,NA,NA,NA,NA,NA,NA,NA,NA,NA,NA,NA,NA,NA,NA,NA,1.7823194,2.4330962,2.458417,2.4235389,2.166101,2.199561,2.2558661,2.0308018,1.8411215,1.6345123,1.4292921,1.2600903,1.2528723,1.2759746,1.3845166,1.6327115,1.7480468,1.8180898,1.6933393,1.6525777,1.4948392,1.647209,1.6845059,1.4352058,1.2900365,1.3037865,1.4709541,1.5413309,1.9028866,1.8099327,1.783533,2.023561,2.1201818,2.2986607,2.2120081,1.8548351,1.8713697,1.8396591,1.8050815,2.0984427,1.9582017,2.0357623,1.8861477,1.8350238,1.6980236
"Tanzania","Tanzania",NA,NA,NA,NA,NA,NA,NA,NA,NA,NA,NA,NA,NA,NA,NA,NA,NA,NA,1.4231241,1.4732029,1.7349776,2.2999782,3.0976157,3.4326889,4.1746165,5.3551332,5.3600547,4.6889717,5.4766523,10.1091113,8.5026045,4.5206325,5.5842939,5.497602,5.4143195,5.2475642,5.3870764,5.7446206,3.151879,2.4475442,2.3826355,2.0464841,2.181778,2.1060393,1.3792784,1.2941141,1.627214,1.5553503,1.5435445,1.6019715,1.4876627,1.487264,1.4516046,1.3025985,1.074307,0.9946146,0.8239413,0.792124,0.7620646,0.698279,0.7571931,0.8960241,0.9031507,0.9137994,0.9723626,1.015761,1.0913699,1.0936919,1.0557963,1.0552366,1.0177668,1.0262238,1.0674274
"Togo","Togo",NA,NA,NA,NA,NA,NA,NA,NA,NA,NA,NA,NA,0.2655629,0.546875,0.8399553,2.1571127,1.8953857,1.3374776,1.3397398,1.3588635,1.2822354,1.3683954,1.408313,1.4756439,1.6949153,1.4919546,1.8565861,2.4952311,3.0722749,2.7142857,2.2490602,2.1946309,2.3724806,2.2591769,2.0969799,2.1851498,2.5079834,2.8450589,3.5034909,3.1249087,3.0940686,3.1224859,2.8593509,2.9312289,4.0306557,2.5843109,1.8575256,NA,NA,NA,NA,NA,NA,NA,1.3656998,1.4060481,1.4574402,NA,NA,1.7221862,1.6380126,1.658858,1.5260637,1.6246431,1.6762054,1.8182889,1.6744229,1.8403824,1.8745423,1.9633324,3.1462171,2.838986,1.7837304
"Uganda","Uganda",NA,NA,NA,NA,NA,NA,NA,NA,NA,NA,NA,NA,NA,0.1132898,0.3693182,0.6511628,1.1329394,1.4372355,1.6234818,1.7940806,1.824581,1.973029,3.4686636,4.0621716,3.495779,3.6248416,2.822935,3.185284,2.036068,1.9666499,1.6872002,2.2172251,1.8880363,1.9759846,2.2185385,2.626699,2.6617291,2.9059179,2.5860003,2.459882,2.7299779,2.9685262,2.5079985,1.6591777,1.9313668,2.0157823,2.1015105,2.2109109,2.1167072,2.4423558,2.655734,1.7646077,1.6832451,1.6346747,1.6916878,1.7661558,1.6843227,1.503426,1.3944719,1.347345,1.1793852,2.2481639,2.2947099,1.2275032,0.9925552,0.9791315,1.0411625,1.0456562,1.0960789,1.2256315,1.7697981,2.5971447,2.423854
"Zambia","Zambia",NA,NA,NA,NA,NA,NA,NA,NA,NA,NA,NA,NA,NA,NA,NA,NA,NA,NA,NA,NA,NA,NA,NA,NA,NA,NA,NA,NA,NA,NA,NA,NA,NA,NA,NA,3.0014196,2.3614587,3.6641221,3.2206852,2.3883441,4.1952694,3.4108251,2.3374459,2.7050498,1.4293982,1.7192454,1.4516884,1.0518096,1.007661,NA,1.6483185,NA,NA,NA,NA,1.5808996,1.6744062,1.6136458,1.6524189,1.5524223,1.4415305,1.3825925,1.3176396,1.3578686,1.3597366,1.6338684,1.7532344,1.4293047,1.3095961,1.4094624,1.2193745,1.1542255,1.3047653
"Zimbabwe","Zimbabwe",NA,NA,NA,NA,NA,NA,NA,NA,NA,NA,NA,NA,NA,NA,NA,NA,1.1895684,1.3224624,1.3600573,2.0681265,2.4227689,2.4387008,2.2880617,2.1828435,2.6258536,2.9769976,3.3994464,4.6267136,6.5381267,7.9913135,8.5205215,6.6290856,4.8643183,5.1225453,5.5608506,5.6776499,5.4866692,5.5038199,5.8238889,5.2087066,4.9310307,4.7412964,4.5973836,4.3930143,3.8125687,3.598295,3.1817215,2.882652,2.9983393,NA,2.2381626,3.0538459,2.5498653,6.3067105,2.0347674,2.7057839,1.4526401,1.9861557,NA,NA,NA,0.8162515,1.4071621,1.8596085,1.8684197,1.8880796,1.8868757,1.7209909,0.3878314,0.3093228,0.5348041,0.00540038,0.0135301
"Belize","Belize",NA,NA,NA,NA,NA,NA,NA,NA,NA,NA,NA,NA,NA,NA,NA,NA,NA,NA,NA,NA,NA,NA,NA,NA,NA,NA,NA,NA,NA,NA,NA,NA,1.1589699,1.4375872,1.534381,1.5439189,1.559826,NA,NA,NA,1.1993322,1.1763074,1.0940534,1.0215471,1.0954923,1.3604366,1.2988508,1.2421449,1.4356663,NA,NA,0.8552521,0.8550396,0.8396266,0.8635558,0.8967387,0.9613142,1.0089152,1.0661404,1.3676059,1.3108168,1.1136714,1.0553291,0.9993517,1.1256631,1.1977895,1.1438562,1.2231922,1.2553649,1.2473879,1.3291047,1.7157006,1.2535839
"Costa Rica","Costa Rica",NA,NA,NA,NA,NA,NA,NA,NA,NA,NA,NA,NA,NA,NA,NA,NA,NA,NA,NA,NA,NA,NA,NA,NA,NA,NA,NA,NA,NA,NA,NA,NA,NA,NA,NA,NA,NA,NA,NA,NA,NA,NA,NA,NA,NA,NA,NA,NA,NA,NA,NA,NA,NA,NA,NA,NA,NA,NA,NA,NA,NA,NA,NA,NA,NA,NA,NA,NA,NA,NA,NA,NA,NA
"Cuba","Cuba",NA,NA,NA,NA,NA,NA,NA,NA,NA,NA,NA,NA,NA,NA,NA,NA,NA,NA,NA,NA,NA,NA,NA,NA,NA,NA,NA,NA,NA,NA,NA,NA,NA,NA,NA,NA,NA,NA,NA,NA,NA,NA,NA,NA,NA,NA,NA,NA,NA,NA,NA,NA,NA,NA,NA,NA,NA,NA,NA,NA,3.3809601,3.3268561,3.084505,3.9376,3.5127288,3.5360048,3.0837914,3.0721879,2.8724032,2.8762074,NA,NA,NA
"Dominican Republic","Dominican Republic",NA,NA,NA,NA,NA,NA,NA,NA,NA,5.3104466,NA,5.2315257,5.229794,4.3196544,3.8652131,3.7834951,4.2120704,3.4627199,3.1918688,3.2451714,2.6478245,2.4166947,2.1962196,1.9875214,1.7912739,1.9650655,1.8310133,1.9283816,1.885723,2.1755661,2.1822943,1.5835432,1.7201283,1.5820401,1.3665054,1.198896,1.2100524,1.3441541,1.0181399,0.8800475,0.800368,0.6757294,0.348155,0.5590868,0.75507,0.7337656,0.5494779,0.6336516,0.7969264,0.7800624,0.8162439,1.0300965,1.2134961,1.0589192,0.764145,0.6876181,0.7665364,0.6834234,0.6276191,0.6998617,0.6674612,0.6675317,0.6029281,0.6531515,0.6118248,0.6514379,0.643675,0.6340306,0.6660634,0.6939911,0.6895831,0.75048,0.6505627
"El Salvador","El Salvador",NA,NA,NA,NA,NA,NA,NA,NA,NA,NA,NA,NA,NA,NA,NA,NA,0.7386839,0.7090798,0.694254,0.6555712,0.7154615,0.6298341,0.7180204,0.8815728,0.8649706,0.8013975,0.8307379,0.8818472,0.9718422,1.118526,1.5776536,1.7363365,2.2795464,2.7763365,3.5514499,6.4432824,6.5897161,4.3299567,4.469164,4.2713239,4.8723458,3.413666,2.7325775,2.2535768,1.6787288,1.3522212,1.1750583,1.0744092,1.0077662,0.9229429,0.9205492,0.840331,1.09067,1.1302387,0.8413813,0.8102144,0.9042047,0.8881311,0.9734448,0.9618118,1.0788782,1.0895537,1.0880615,1.0488096,1.0799892,1.0352549,1.05682,1.023503,1.0444694,1.1280219,1.1738305,1.3876073,1.374902
"Guatemala","Guatemala",NA,NA,NA,NA,NA,NA,1.3107119,1.2686558,1.2992248,1.2379957,1.2661425,1.1579222,1.1222211,1.0453078,1.1730075,1.0038343,1.3955905,1.3734549,1.457146,1.2666874,1.0259998,1.6964286,1.1185006,1.1419871,0.9107539,0.8983078,1.2314866,1.2713903,1.3721376,1.1811218,1.3066783,1.3168515,1.8894491,2.0257187,2.0359341,2.1908493,2.0073704,1.667498,1.75071,1.869077,1.8028516,1.7280116,1.2684373,1.4726204,1.2670602,1.1785346,1.0804274,0.8957174,0.7428179,0.7208399,0.6756008,0.9184016,1.0520629,0.762245,0.8156553,0.4794161,0.3839137,0.4318295,0.3984566,0.4682311,0.3953261,0.4413826,0.4596194,0.4758707,0.5019542,0.4562143,0.4320112,0.4645366,0.4025609,0.3906129,0.4658317,0.4832208,0.4445675
"Haiti","Haiti",NA,NA,NA,NA,NA,NA,NA,NA,NA,NA,NA,NA,NA,NA,NA,NA,NA,NA,NA,NA,NA,NA,NA,NA,NA,NA,NA,NA,NA,NA,NA,NA,NA,NA,NA,NA,NA,NA,NA,0.0886074,0.0891194,0.1021732,0.1115504,0.1137833,0.106326,0.0777848,0.1062101,NA,NA,NA,NA,NA,NA,NA,NA,NA,NA,NA,NA,NA,NA,NA,NA,NA,0.0615198,0.0619837,0.0887538,0.0846301,0.088103,0.1500802,0.1394213,0.2894075,0.1885407
"Honduras","Honduras",NA,NA,0.9609375,0.9143287,0.9625693,0.9956055,1.1010929,1.1221739,1.6455537,1.7165354,1.5136778,1.1684054,1.0758427,0.9883871,0.9317073,1.2800875,1.2291052,1.1818182,1.1371237,1.0854503,1.0682493,1.3692946,1.4700193,1.8360071,1.6833773,1.5988647,1.9039146,1.7581602,1.9047619,2.2696156,2.239548,2.2213562,2.1457705,2.3075598,2.2749431,2.4404941,2.5827724,2.7701195,2.9500301,2.8537455,2.6707954,2.2014836,1.5446855,NA,1.1578298,NA,NA,NA,NA,NA,NA,0.7299291,0.8226105,0.8091875,0.9982649,0.6826928,0.6414785,0.69243,0.7760083,0.9539786,1.0749107,1.0744572,1.1313091,1.1460186,1.6013182,1.5486451,1.6712757,1.6647013,1.7244052,1.6076945,1.623598,1.4443829,1.6058807
"Jamaica","Jamaica",NA,NA,NA,NA,NA,NA,NA,NA,NA,NA,NA,NA,NA,NA,NA,NA,NA,NA,NA,NA,NA,NA,NA,NA,NA,NA,NA,0.9253078,0.9410013,NA,NA,NA,1.5079425,1.6277207,1.3859892,1.0597318,0.8910598,0.8539333,0.7704464,0.8079907,0.929263,0.8407851,0.7585246,1.1078382,0.8219064,0.6299206,0.5387092,0.5676566,0.6550548,0.5449478,0.5110515,0.4863198,0.5043589,0.585431,0.5815963,0.53597,0.5276637,0.6089223,0.6524579,0.9533543,0.9472283,0.8741802,0.9251665,0.9295353,0.8990697,0.8728714,0.8724965,0.9548248,0.9722643,1.3490941,1.6920579,1.6813471,1.4127203
"Mexico","Mexico",0.877551,0.863747,0.7641509,0.7217538,0.811545,0.8753463,0.7868481,0.7385686,0.7341991,0.6874028,0.6448802,0.6735087,0.6517803,0.6896552,0.7186858,0.6775068,0.5912698,0.5763791,0.5452171,0.5485108,0.60016,0.4974117,0.4876556,0.5365681,0.5442177,0.5657441,0.5735842,0.5981036,0.5342562,0.5048344,0.5052975,0.4161074,0.513301,0.4954194,0.5228663,0.6598191,0.6763131,0.6346225,0.5803419,0.5361454,0.5172558,0.433081,0.4354023,0.4694547,0.4427855,0.5188303,0.4508915,0.4764848,0.4580959,0.4504505,0.4609888,0.4460478,0.442657,0.421606,0.4059165,0.3648987,0.3559589,0.3111719,0.4011639,0.3905132,0.5015563,0.4527345,0.4657778,0.4759873,0.5079195,0.51383,0.4666761,0.4950644,0.4365103,0.4774942,0.5232502,0.7492002,0.6801308
"Nicaragua","Nicaragua",NA,NA,NA,NA,NA,NA,NA,NA,NA,NA,NA,NA,NA,NA,NA,NA,NA,NA,NA,1.4596454,1.3770153,1.5842606,1.5057374,1.8672902,1.4205672,1.4534132,1.7460941,2.0673643,2.4654631,3.2219457,3.1047865,3.3461804,4.3355911,NA,NA,NA,NA,NA,NA,NA,NA,NA,4.0022158,2.6327532,2.1023256,1.1895004,1.1028203,0.9497049,0.8946698,0.7353622,0.7194928,0.7827514,0.6835245,0.8651656,0.8607374,0.7307933,0.7004041,0.5512546,0.5317262,0.5020584,0.502751,0.5054727,0.5264113,0.6659036,0.6786142,0.685092,0.7755374,0.6398767,0.6238991,0.6227432,0.6068757,0.665087,0.6035816
"Panama","Panama",NA,NA,NA,NA,NA,NA,NA,NA,NA,NA,NA,NA,NA,NA,NA,NA,NA,NA,NA,NA,NA,NA,NA,NA,NA,NA,NA,NA,NA,NA,NA,NA,NA,NA,NA,NA,NA,NA,1.8409804,2.1109857,2.0849105,1.2563591,1.2285473,1.0834743,1.1986452,1.1925566,1.1157569,1.0855923,1.1701706,0.951292,0.9741365,NA,NA,NA,NA,NA,NA,NA,NA,NA,NA,NA,NA,NA,NA,NA,NA,NA,NA,NA,NA,NA,NA
"Trinidad and Tobago","Trinidad and Tobago",NA,NA,NA,NA,NA,NA,NA,NA,NA,NA,NA,NA,NA,NA,NA,NA,NA,NA,NA,0.6703782,0.6753722,0.7543956,0.9613213,0.8419409,0.683449,0.4203735,0.4381993,0.5044742,0.4895258,0.5140591,0.5914013,0.5921716,0.5134445,NA,NA,NA,NA,NA,NA,NA,NA,NA,NA,NA,0.4947736,0.4892194,NA,NA,NA,NA,NA,NA,0.1556348,0.2130743,0.2942941,0.5633269,0.604538,0.6212759,0.5686686,0.4933752,0.7096586,0.6352174,0.5664372,0.6620258,0.7860929,0.695345,0.8332062,0.9536501,0.8850395,0.6877877,0.7079477,0.7453533,0.8880161
"Canada","Canada",NA,2.427451,4.6622531,6.7987684,7.3735556,6.8627266,6.1777778,5.6858246,5.3493196,4.937796,4.3997677,4.1852565,4.1283122,3.9992164,3.6206501,3.4020628,2.9302607,2.6832824,2.7479268,2.5436419,2.2737847,2.1889797,2.1314856,2.0118184,1.8326018,1.7838131,1.8635419,1.765928,1.8057636,1.8488874,1.7112459,1.7644486,1.7099156,1.9543436,2.0811962,2.1171889,2.0973762,2.1091971,2.0625764,1.9867671,1.9346143,1.9587937,1.8954443,1.8616877,1.8217535,1.6966803,1.5540901,1.4037526,1.2462432,1.2562939,1.2417031,1.1180809,1.137369,1.1208523,1.1158788,1.107966,1.1106697,1.1258324,1.1889018,1.2486214,1.3775556,1.1943383,1.1932919,1.1184046,1.0023672,0.9899253,1.1527094,1.1641616,1.3516022,1.3246811,1.2860971,1.4159454,1.315153
"United States of America","United States of America",5.2720201,5.0819634,10.1670212,13.860081,13.5802725,11.7365955,10.1562449,9.9010116,9.9924395,10.071764,9.438773,8.9931246,9.1560315,9.3316729,8.8318912,8.0512811,7.5872472,8.4353003,9.4177959,9.2684543,8.6332638,8.0327436,6.9430696,6.5197569,5.8938706,5.9541112,5.6226791,5.1910714,5.1556174,4.9430872,4.9519915,5.1535375,5.6465413,6.8140571,6.3211443,6.2364165,6.4532192,6.6265227,6.420274,6.0712777,5.871206,5.6051753,4.8834294,4.9704668,4.6043503,4.2152647,3.8602458,3.5549822,3.4055622,3.2015585,3.0856768,3.1122421,3.1238098,3.4476181,3.827161,4.0163127,4.0900349,4.0416272,4.0796551,4.4638274,4.8855997,4.9226417,4.840174,4.4774012,4.0466789,3.6958947,3.4778452,3.4134642,3.3093875,3.3111586,3.4261949,3.7178851,3.4832158
"Argentina","Argentina",NA,2.9142857,NA,NA,NA,NA,NA,NA,NA,NA,0.813,1.55,2.14,2.66,1.68,1.15,1.07,1.168,1.4,1.6857143,1.9375,1.8777778,1.8076923,1.8238095,1.8485714,1.6591837,2.041958,3.7812912,4.0086001,4.7191441,4.6733563,3.0989583,3.4653465,2.7045579,2.7388128,2.1620391,2.2997172,2.3136787,2.2843869,2.1249392,1.8803656,1.4509092,1.5069266,1.4212222,1.4228029,1.4570385,1.4730731,1.2412273,1.1401391,1.136318,1.2203595,1.1488227,1.1842335,1.0918805,1.0608951,0.8832954,0.8471548,0.7882339,0.7925482,0.7627565,0.8865086,0.8148781,0.7642871,0.7848247,0.8377364,0.8781009,0.8501286,0.8131401,0.8561379,0.7454989,0.7061867,0.7268557,0.565318
"Bolivia","Bolivia",NA,NA,NA,NA,0.5275473,NA,0.3168843,0.3558946,0.8186111,NA,NA,NA,1.203464,1.1587,1.326412,NA,NA,NA,NA,1.3501522,1.3182249,1.6122165,1.3915858,1.5955419,1.6226362,1.8366541,2.3712371,2.3671566,2.2474994,2.5989701,2.7084611,3.1723999,3.9022033,1.9818473,1.4993207,2.1708417,2.0139925,2.3455492,2.3772632,2.0209813,2.1562887,2.8158833,2.6883249,2.5061188,1.9163498,2.2503012,2.0961623,1.9868075,2.2736103,2.6911109,2.1332871,2.0629712,2.3204479,1.9903347,2.1454851,1.8965037,1.7170044,1.466227,1.4890476,1.9617804,1.7613644,1.7079104,1.6841227,1.8456064,1.8412403,1.896915,1.7594359,1.5304678,1.5364274,1.4969023,1.4512709,1.3190746,1.5444583
"Brazil","Brazil",NA,NA,NA,NA,3.5955056,NA,NA,NA,4.4035211,4.0675208,2.9633633,2.6791347,2.3640662,2.3986833,2.2608392,2.0144981,3.3520922,3.0219816,2.856972,2.6497402,2.61559,2.8872896,2.6190469,2.435812,2.1546513,1.9413534,1.9721438,2.0027534,1.6877265,1.5996716,1.5219317,1.1384344,1.1431488,1.3035344,1.2545803,1.199541,1.4295231,1.2203887,1.743994,2.1180722,2.68625,2.363841,1.9633333,1.5215289,1.9279228,2.0160078,1.862137,1.6548435,1.5776883,1.6622919,1.6454747,1.7307261,1.9518824,1.8957712,1.5034776,1.4612684,1.5240134,1.4810849,1.4662921,1.4419241,1.5386257,1.539407,1.4118512,1.3786565,1.3294461,1.3302444,1.3655172,1.3479754,1.4144856,1.4696777,1.3794569,1.3554702,1.1908098
"Chile","Chile",NA,2.6396998,3.0695561,2.5730773,2.7800069,1.6909668,2.3,2.3,3.05,2.7,2.15,3.1184056,3.5274473,3.0437091,2.8653957,2.6351866,2.8857127,2.7359209,2.7136326,2.5270682,2.2609,4.4504506,6.2648154,6.6254142,6.2838209,7.1095612,6.7425367,6.0850508,6.9152448,6.7281223,6.3325563,6.4820929,7.0221189,8.8772677,7.5752226,7.6054062,6.9006086,6.2880022,5.6380711,4.1399961,3.5900295,3.4016549,2.8498428,2.6285105,2.7069229,2.597545,2.5620646,2.4493209,2.4982019,2.5898372,2.7136316,2.703282,2.6674952,2.5520931,2.7338432,2.7079751,2.5215029,2.4908318,2.3188022,2.5840105,2.2636079,2.2394683,2.2543957,2.0462904,1.9864195,1.9585267,1.8984873,1.9153887,1.9359011,1.8639278,1.8566687,2.0890154,1.9633591
"Colombia","Colombia",NA,NA,NA,NA,NA,NA,NA,NA,NA,2.3545907,1.8308668,1.8843235,2.1432563,3.0994152,3.5151404,3.1808036,3.1909469,3.1652448,3.1173646,2.3853725,2.0549242,2.2595466,3.3741741,1.9671958,1.6902451,1.5757801,1.7402681,1.4936029,1.4384872,1.5503194,1.6739288,1.8301216,1.7551204,1.713851,2.2199375,2.325895,2.0540166,1.9446196,1.9831354,2.1992448,2.1881838,1.8601593,1.8534818,2.1066779,2.525267,2.508407,2.8316266,4.4453933,2.8017879,3.4409857,3.7627421,3.0316835,3.3238728,3.4171276,3.4639887,3.4650152,3.3528734,3.2761306,3.2667397,3.7446064,3.8853539,3.6427556,3.0816136,3.1589602,3.274401,3.1082588,3.1099601,3.071131,3.2090624,3.0621055,3.140734,3.4994593,3.401894
"Ecuador","Ecuador",NA,NA,NA,NA,1.9415918,NA,NA,NA,2.4112944,2.2822929,1.9026753,2.3762368,2.046767,2.0454538,1.7652123,1.909954,2.0695652,1.8242215,1.8044233,1.9239735,2.3706163,1.8336897,1.8540252,1.9900232,1.9765704,2.01589,2.366809,2.2006877,3.0803722,2.1427265,1.9874937,1.7812247,1.6778403,1.6540028,1.5747783,1.4852323,1.7797386,1.8373868,1.9663161,1.9776268,1.9239892,1.8903238,1.7783602,1.6672066,1.8214215,1.5593435,2.3413201,1.9503975,2.1041712,2.3572349,1.751925,1.452076,1.569376,1.768892,2.2785534,1.9403328,2.2984028,2.0298259,2.5682358,2.6650417,3.1174181,3.0105513,3.0951101,2.9454529,2.8758907,2.7392308,2.6160742,2.5147668,2.3612634,2.3518872,2.1836324,2.5315406,2.455712
"Guyana","Guyana",NA,NA,NA,NA,NA,NA,NA,NA,NA,NA,NA,NA,NA,NA,NA,NA,NA,NA,NA,NA,NA,NA,NA,NA,1.6459627,2.8505747,6.9581056,8.3526012,6.0745829,3.8908451,3.7150127,3.7002653,3.9448967,5.126556,4.5163488,4.6747059,8.4368635,5.3558559,3.0860888,2.663766,1.5837367,0.9058283,0.5828928,0.9696923,0.9509522,1.0059367,0.9155204,0.7878309,NA,NA,NA,1.7659772,2.0179456,2.2932867,2.1997168,2.8093248,1.4104858,1.3148836,1.4348918,1.5874597,1.5331883,1.3754369,1.2581277,1.1721763,1.1769473,1.276332,1.4522133,1.4764769,1.6503977,1.59332,1.6041788,1.3901586,0.9565162
"Paraguay","Paraguay",NA,NA,NA,NA,NA,NA,NA,NA,NA,NA,NA,2.5289645,2.2791497,2.2973921,2.3988542,2.4037658,2.6330877,2.9168451,3.031559,3.2110496,3.161486,3.3158723,3.2252255,3.8464631,3.4174372,2.5645724,3.1250036,2.9899565,2.8886447,2.9585323,2.0263983,2.1814492,2.5278602,3.8032976,3.6452418,3.5081852,3.7576348,3.8040656,2.7731923,3.1954734,2.4257638,2.1318759,2.829327,2.36889,2.1785477,2.0467664,2.2834246,2.0637899,1.6856803,1.5431537,1.3887679,1.2449395,1.0746348,0.9712369,0.8257554,0.8776301,0.7214804,0.7934551,0.7414368,0.6841935,0.7539507,0.7511464,0.8456238,0.9641791,0.9620634,0.9890892,1.0688478,0.9509533,0.8926632,0.9611562,0.9743129,1.0207137,0.9739598
"Peru","Peru",2.9040197,2.832057,2.9186935,2.6569357,2.7775325,2.691173,2.7680448,2.9817239,2.9218949,2.8969028,2.7964736,2.5080013,2.6447574,2.4250681,3.3163914,3.3402275,3.0983464,2.8435673,4.7036329,2.3573735,2.3875598,3.5064396,3.6195159,3.630811,3.9253898,3.9329609,5.216285,5.676913,8.214387,6.1997019,3.3524355,4.5590682,3.9848197,5.1126516,4.8459564,3.3575581,3.8701491,3.3492955,3.411496,2.185201,2.1904762,2.6823788,2.0198159,2.507035,2.7461025,2.4741979,2.6353241,2.5020266,1.99677,2.0166613,1.9306307,1.7889668,1.7520201,1.5418402,1.5094995,1.3822235,1.6047277,1.4691516,1.3039383,1.2347506,1.5216442,1.4630953,1.3773733,1.4818039,1.63534,1.5906008,1.7309106,1.3047844,1.2463128,1.1749864,1.1927732,1.3504759,1.1151565
"Uruguay","Uruguay",NA,NA,NA,NA,NA,NA,NA,NA,NA,NA,NA,NA,NA,NA,NA,NA,NA,NA,NA,NA,NA,NA,NA,2.1980676,3.7641546,4.5314562,4.2860642,3.4815635,3.7459202,3.6210799,3.8004338,4.6961086,6.2554613,6.4493069,5.381984,4.5756458,4.3042206,4.1212802,3.0394222,3.1566469,3.5291267,3.5274017,2.3947122,2.8495148,2.7923985,2.5777056,2.7146367,2.8059384,2.3997207,2.2581337,2.394461,2.4359773,2.5025777,2.5301401,2.2375453,2.040728,2.0003859,2.0061781,1.7771671,1.8695247,1.8226134,1.8758079,1.7197489,1.8036698,1.8165513,1.8074295,1.8205881,1.8734638,1.9569229,2.1339486,2.059819,2.1776723,2.2563065
"Venezuela","Venezuela",NA,NA,NA,NA,NA,NA,2.5765705,2.754902,3.2164724,3.4331272,2.9582094,3.0580444,1.4222222,2.3129021,2.5535881,2.4466891,2.6364355,2.6568826,2.8585155,2.6773762,2.4989229,2.2940164,2.6994079,2.8292683,2.4709898,2.3077608,2.5910246,1.8874907,2.0679468,2.1057613,1.9158564,1.6955153,1.5216858,2.2487726,2.9707401,2.2920518,1.369619,1.6499705,1.6336983,1.8161051,2.7935969,1.5180366,1.8403353,1.6434789,2.1452539,1.5907469,1.5490622,1.0394834,1.7952851,1.5885552,1.437199,1.5265701,1.5551079,1.1533736,1.1826906,1.2883018,1.8317137,1.9784922,1.8889931,1.7935529,1.2310704,1.0134886,1.1304053,1.3414717,1.6695518,1.1618168,0.941376,0.454046,2.2333322,0.1508539,0.1792304,NA,NA
"Australia","Australia",NA,2.8779015,3.7350598,5.1805958,4.7998604,3.968254,3.859614,3.670699,3.3172139,3.2545605,3.1032886,2.3695451,2.4151399,2.3636954,2.4466346,2.6482428,2.952293,3.4513829,3.793764,3.8372736,3.3859199,2.9660356,2.7631517,2.6856206,2.3793468,2.2628027,2.2673156,2.2166121,2.2472022,2.2156886,2.1927294,2.2489569,2.2966019,2.3932652,2.5198118,2.5052337,2.5232684,2.5404298,2.3729888,2.1618149,2.0518275,2.0759059,2.1680429,2.1687461,2.1780299,2.1165986,2.0213126,1.9304401,1.8673344,1.8711218,1.8892357,1.8298419,1.8700939,1.8739646,1.8462897,1.8274108,1.8024927,1.8223309,1.8153422,1.7985472,1.926909,1.8567914,1.7570782,1.6710114,1.639708,1.77228,1.9509185,2.0844969,1.999208,1.8901121,1.8740256,2.0117883,1.9784225
"Fiji","Fiji",NA,NA,NA,NA,NA,NA,NA,NA,NA,NA,NA,NA,NA,NA,NA,NA,NA,NA,NA,NA,NA,0.1876955,0.2170835,0.2488515,0.2187408,0.2422222,0.3004979,0.3961508,0.5075758,0.873095,0.9388569,0.8620514,0.9194205,1.1549678,1.2414208,1.2226079,1.1331579,1.0439618,1.9695275,2.0520151,2.2701066,2.1087553,2.1667883,1.8404141,1.8085593,1.7026373,1.6257874,1.4242463,1.3649596,1.2591889,1.1318063,1.7562434,1.8245837,1.5485667,1.4865009,1.583876,1.3235946,1.608599,2.04892,1.4040434,1.6492522,1.4817492,1.4866161,1.3763575,1.2801815,1.5397676,0.9101464,1.103793,1.4048442,1.4676069,1.4553506,1.7185325,1.6506275
"New Zealand","New Zealand",NA,NA,NA,NA,NA,NA,NA,3.1087584,2.858427,2.8252908,2.8172844,2.6907332,2.485627,2.3099366,2.198289,2.4728337,2.3555584,2.6392671,2.623715,2.7276826,2.5662252,2.6320302,2.3167006,2.1832679,1.9730405,2.0653789,2.0847617,1.9360329,2.1158985,2.2098714,2.1596363,3.0227905,2.7293751,2.5828584,2.4383593,2.3776242,2.3646261,2.367587,2.4072767,2.0787082,2.1499297,2.3277797,2.2563367,2.0693662,1.8991238,1.8287081,1.8153478,1.7818815,1.7039708,1.6952802,1.619342,1.6687421,1.5813014,1.4544098,1.4431392,1.3417807,1.2770934,1.3855218,1.2720143,1.2460722,1.3532834,1.3296365,1.2460897,1.1969624,1.1411864,1.1396318,1.1110712,1.1276231,1.1403867,1.2099789,1.3910401,1.4517351,1.3709807
"Papua New Guinea","Papua New Guinea",NA,NA,NA,NA,NA,NA,NA,NA,NA,NA,NA,NA,NA,NA,NA,NA,NA,NA,NA,NA,NA,NA,NA,NA,NA,NA,0.6035857,1.6312588,1.2500886,1.2664495,1.2103096,1.4030832,1.4096386,NA,NA,NA,1.5588783,1.5649331,1.6107832,1.266286,1.4965361,1.4191337,0.9246859,0.8903513,0.9174582,1.0132053,0.7755161,1.0173114,1.0753538,0.8792203,0.6913945,0.6391077,0.5472949,0.3716379,0.3457632,0.3891225,0.4166378,0.37692,0.4116026,0.3370145,0.447943,0.3251445,0.3569251,0.5194717,0.4943316,0.487315,0.4837581,0.4176198,0.4032211,0.3762168,0.4110734,0.4166469,0.3752614
"Afghanistan","Afghanistan",NA,NA,NA,NA,NA,NA,NA,NA,NA,NA,NA,NA,NA,NA,NA,NA,NA,NA,NA,NA,NA,1.6296061,NA,NA,1.8689103,1.6108247,1.7220657,2.046087,2.0114748,NA,NA,NA,NA,NA,NA,NA,NA,NA,NA,NA,NA,NA,NA,NA,NA,NA,NA,NA,NA,NA,NA,NA,NA,NA,NA,2.4312579,1.9920657,1.896234,2.5662674,2.3355457,2.0874126,1.9458357,1.8213455,1.1754161,1.0769498,1.2980129,0.9945758,0.9567721,0.9452268,1.0067463,1.1182306,1.3588569,NA
"Bangladesh","Bangladesh",NA,NA,NA,NA,NA,NA,NA,NA,NA,NA,NA,NA,NA,NA,NA,NA,NA,NA,NA,NA,NA,NA,NA,NA,0.6567205,0.6043035,0.8447833,1.523679,1.5699778,1.2689852,0.934293,0.8574209,0.9158317,1.0608697,1.2706737,1.178042,1.0542728,1.1121917,1.1682325,1.2463881,1.2908618,1.223165,1.2144228,1.3605031,1.4293905,1.5290237,1.5666931,1.5390736,1.5716679,1.5675352,1.5848344,1.3571192,1.2884228,1.1857644,1.1382869,1.1235059,1.0908944,1.1082388,1.1144802,1.0595299,1.1567309,1.3208374,1.3555178,1.3244195,1.2581975,1.2794125,1.3509699,1.3723215,1.2402561,1.2639998,1.3489067,1.3018629,1.2697767
"India","India",NA,NA,NA,NA,NA,NA,NA,2.0200491,2.475,1.9224897,2.1360717,2.0040123,2.0743597,2.7454004,4.025306,3.819237,3.8714149,3.5723706,3.2239237,3.2455686,3.1408146,3.185183,3.6524535,3.7179475,3.1586438,3.2028263,3.5345988,3.4778831,3.1627719,3.1263317,3.2613287,3.1337813,3.1862481,3.3451177,3.3230687,3.4168756,3.5690303,4.1064687,4.2313175,3.7286718,3.5341797,3.1462146,2.9099743,2.7048397,2.8235422,2.6646737,2.5784836,2.4727682,2.6477324,2.7273114,2.9571956,2.9489299,2.9244355,2.8268668,2.6777769,2.8287522,2.7549077,2.5268086,2.4782482,2.6314621,3.1293872,2.8894613,2.7044836,2.6181676,2.5488257,2.5439825,2.4574506,2.5431512,2.5314626,2.4339221,2.5191208,2.8846328,2.65779
"Nepal","Nepal",NA,NA,NA,NA,NA,NA,NA,NA,NA,NA,NA,NA,NA,NA,NA,NA,NA,NA,NA,NA,NA,0.5930193,0.6179106,0.6475563,0.657681,0.6072365,0.6821728,0.8562612,0.8921431,0.8584643,0.9112057,1.0320757,0.9920533,1.089454,1.252925,1.2206144,1.1958272,1.1828507,1.159182,1.0837906,1.1065431,1.0771544,1.0966096,1.0746898,1.0505526,0.9733154,0.9414851,0.9007163,0.8807078,0.9270555,0.9473696,0.9621503,1.0983344,1.44765,1.5922511,1.7932924,1.9291614,1.7491099,1.5473939,1.5999717,1.6454486,1.5636664,1.5406516,1.4318324,1.5418601,1.6293411,1.5566301,1.7008977,1.7085445,1.539234,1.3765793,1.3995729,1.3369919
"Pakistan","Pakistan",NA,NA,NA,NA,6.31677,5.3536749,5.5737476,5.0250787,4.1727379,4.2530326,4.3356168,4.3126626,4.0978906,3.6558728,3.648413,3.8658901,5.9046679,6.730522,5.4046037,5.103906,5.5120419,6.1583876,6.7355332,6.8659555,6.2106427,6.0909963,6.3215202,5.889472,5.5474117,5.5032997,5.4532743,5.5232445,5.7108706,6.3757171,6.6437981,6.6594915,6.9221336,6.991656,6.9718801,6.7858107,6.5327253,6.5223202,6.5709528,6.6981875,6.4273126,5.9235483,5.8202253,6.0371663,5.6212165,5.415095,5.1898993,4.1687227,3.8789339,4.0737702,4.0914272,3.9560341,3.8970194,3.6452552,3.5119861,3.459371,3.265224,3.423691,3.2856508,3.4843988,3.4709725,3.4765794,3.5513872,3.5947455,3.7744489,4.1291314,4.1088164,4.0317426,3.8332741
"Sri Lanka","Sri Lanka",NA,NA,0.2454847,0.3377038,0.4489082,0.6714028,0.5452033,0.6770059,0.9118067,1.2401011,1.230568,1.1830524,1.1832727,1.0828551,0.8977919,0.8517259,0.8526101,0.8729159,0.8451367,0.7945321,0.8073963,0.9166423,1.3626335,NA,0.8748098,0.7950864,0.8035896,0.6592391,0.6843739,0.8030001,0.8344627,0.7657793,0.6267984,0.5447409,0.8891374,0.9224305,3.1607698,2.696658,3.3931467,2.3711832,1.7985954,2.3284874,3.0820878,3.3676399,3.4317857,3.7293381,5.8611322,5.5197832,4.6306021,4.6434641,4.0301638,5.033873,4.2869906,3.3425894,2.8689118,2.9973585,2.6395334,2.7987736,3.2606084,3.2436018,3.1618987,2.7007478,2.6831577,2.1551995,2.1540482,2.412647,2.553055,2.1141424,2.1196966,1.8429775,1.8458448,1.8786834,1.8755388
"China","China",NA,NA,NA,NA,NA,NA,NA,NA,NA,NA,NA,NA,NA,NA,NA,NA,NA,NA,NA,NA,NA,NA,NA,NA,NA,NA,NA,NA,NA,NA,NA,NA,NA,NA,NA,NA,NA,NA,NA,NA,2.4471013,2.4540161,2.3112434,2.4495421,1.9280669,1.6934796,1.6862339,1.6527267,1.6326507,1.6550807,1.8714659,1.8303437,1.976186,2.0496861,1.9834063,1.927765,1.8533424,1.8546488,1.7398129,1.7123344,1.8861332,1.7394752,1.6655761,1.6933682,1.7028551,1.7286891,1.7507178,1.7706957,1.7464551,1.7395337,1.7278279,1.7988335,1.7363405
"Japan","Japan",NA,NA,NA,2.0709345,2.0310718,2.1931512,2.1028735,1.7458768,1.496551,1.4321867,1.2641866,1.0805949,0.9166602,0.8829816,0.9029116,0.8750461,0.899714,0.879421,0.8362303,0.7938665,0.772551,0.7732303,0.8241193,0.8424753,0.8150145,0.8620683,0.9073871,0.8916511,0.8906811,0.8912864,0.9073921,0.9067942,0.9166482,0.9263756,0.9522974,0.9584042,0.9593979,0.9628113,0.9655109,0.9497089,0.940781,0.9417918,0.9408219,0.9483124,0.9506638,0.9228718,0.9168766,0.9112471,0.9204379,0.9385948,0.9452483,0.9311362,0.9470799,0.9558347,0.9556739,0.9416076,0.9315817,0.917197,0.8976267,0.9202478,0.9837774,0.9588511,0.9868065,0.9674273,0.950866,0.9669993,0.9592513,0.9295168,0.9132295,0.9632597,0.9925253,1.0299381,1.0735152
"North Korea","North Korea",NA,NA,NA,NA,NA,NA,NA,NA,NA,NA,NA,NA,NA,NA,NA,NA,NA,NA,NA,NA,NA,NA,NA,NA,NA,NA,NA,NA,NA,NA,NA,NA,NA,NA,NA,NA,NA,NA,NA,NA,NA,NA,NA,NA,NA,NA,NA,NA,NA,NA,NA,NA,NA,NA,NA,NA,NA,NA,NA,NA,NA,NA,NA,NA,NA,NA,NA,NA,NA,NA,NA,NA,NA
"South Korea","South Korea",NA,NA,NA,NA,2.3628692,5.8536585,6.2422635,8.3277815,6.7961165,7.4274471,7.6388889,7.1575483,6.7261496,6.8671964,4.8238591,4.1344396,4.4104749,4.6888737,4.6851425,4.7306418,4.6943949,4.4033465,4.7349886,5.0100681,4.0347322,4.5414456,4.8787165,5.9081557,6.0349391,6.3714506,5.5258766,6.3987721,6.4158573,6.2408945,5.7268136,5.2545354,5.2255317,4.9482563,4.4686056,4.2812159,4.2902353,4.0023043,3.7111278,3.6902727,3.4178948,3.1927527,2.892333,2.7434797,2.6633878,2.794442,2.4925772,2.4573175,2.4278777,2.3154744,2.3286646,2.3310649,2.4672827,2.4883687,2.4696389,2.4894028,2.6035141,2.4627192,2.4729556,2.4992999,2.503009,2.5299358,2.4949812,2.4595779,2.4214889,2.4968436,2.6584959,2.77811,2.7770196
"Mongolia","Mongolia",NA,NA,NA,NA,NA,NA,NA,NA,NA,NA,NA,NA,NA,NA,NA,NA,NA,NA,NA,NA,NA,NA,NA,NA,NA,NA,NA,NA,NA,NA,NA,NA,NA,NA,NA,NA,NA,NA,5.8338851,6.3412434,6.2511951,4.2813854,3.2315351,1.9094372,1.7123627,1.6543556,1.6205059,1.7769474,1.6387348,1.9065375,1.8350123,2.0224806,1.7816584,1.7955672,1.5096943,1.3827301,1.0172859,0.9616567,1.0532722,0.8233067,0.6296982,0.7629972,0.8372702,0.9243056,0.8223115,0.8597253,0.8658413,0.8634952,0.7653009,0.7309212,0.7076095,0.7653102,0.655433
"Taiwan","Taiwan",NA,NA,NA,NA,NA,NA,NA,NA,NA,NA,NA,NA,NA,NA,NA,NA,NA,NA,NA,NA,NA,NA,NA,NA,NA,NA,NA,6.2363148,6.9176738,7.0192783,7.5844539,7.2900419,6.6480411,6.9903229,6.3363909,5.725781,6.0922425,5.4433719,4.9327915,5.1447742,5.2813352,5.2228785,4.9663967,4.6930555,4.955411,4.6614003,4.1072648,4.0197397,3.7236557,3.2911778,2.8751851,2.6000055,2.6559797,2.4380014,2.3454591,2.2472778,2.131117,1.9674388,1.9982009,2.1473734,2.3260909,2.0376494,2.0582999,2.1165295,1.9427815,1.8477061,1.8664576,1.8208169,1.8233979,1.742969,1.8151296,1.8801433,1.7428234
"Brunei","Brunei",NA,NA,NA,NA,NA,NA,NA,NA,NA,NA,NA,NA,NA,NA,NA,NA,NA,NA,NA,NA,NA,NA,NA,NA,NA,NA,NA,NA,NA,NA,NA,NA,NA,NA,NA,2.5740844,2.8877881,4.6707298,3.792515,6.6299771,6.2104363,6.4377353,6.4043501,6.2451448,5.7402317,5.9824714,5.477266,6.2494938,7.1839646,7.5298439,6.1304184,4.0692055,3.8863976,3.8707828,3.7114196,2.5327301,2.3494276,2.3039632,2.3801522,2.2617924,2.941072,2.8504879,2.2422414,2.1590345,2.2775076,3.086861,3.2792905,3.5393847,2.8651699,2.6366125,3.0786421,4.0808783,3.2622296
"Cambodia","Cambodia",NA,NA,NA,NA,NA,NA,NA,NA,NA,NA,NA,NA,NA,NA,NA,NA,NA,NA,NA,NA,NA,NA,NA,NA,NA,NA,NA,NA,NA,NA,NA,NA,NA,NA,NA,NA,NA,1.1468509,1.5742453,1.2782036,1.9924536,2.0713756,2.3278966,3.145933,1.7612895,3.8423429,3.5773106,3.2384546,3.0033612,2.6620479,2.5100291,2.2098132,1.7748105,1.5196174,1.4475189,1.2967422,1.1275791,1.0431001,0.914612,0.7982175,1.313128,1.4930969,1.4977887,1.5470416,1.5965737,1.6630695,1.8016226,1.9098836,2.0713835,2.2248524,2.2285613,2.4454666,2.3163644
"Indonesia","Indonesia",NA,NA,NA,NA,NA,NA,NA,NA,NA,NA,NA,NA,NA,NA,NA,NA,NA,NA,NA,NA,NA,NA,NA,NA,NA,2.7059208,3.492189,3.4218676,3.2060892,3.1631935,3.0202589,2.9172177,2.884622,2.9019283,2.3981294,2.2854203,2.1705994,2.0097654,1.7221877,1.5308411,1.3891363,1.4104929,1.3240642,1.356876,1.2235578,1.2661556,1.2263099,1.2643925,1.4977417,1.0191168,0.8108127,0.6844838,0.5727927,0.7001202,0.909285,0.9457146,0.7507894,0.6587028,0.7123619,0.5789458,0.5711339,0.6175871,0.6537767,0.7115495,0.9187698,0.7778552,0.8822667,0.7922202,0.8651914,0.7189497,0.7285046,0.8597888,0.6959259
"Laos","Laos",NA,NA,NA,NA,NA,NA,NA,NA,NA,NA,NA,NA,NA,NA,NA,NA,NA,NA,NA,NA,NA,NA,NA,NA,NA,NA,NA,NA,NA,NA,NA,NA,NA,NA,NA,NA,NA,NA,NA,NA,NA,NA,NA,8.6753124,8.1075113,7.5220041,5.8341956,4.1867068,3.839007,2.5942173,1.0577426,0.7915432,0.7171152,0.5839349,0.4921569,0.4337253,0.3925086,0.3431627,0.3121738,0.2738209,0.2171948,0.2045671,0.2121266,0.1994551,0.1898952,NA,NA,NA,NA,NA,NA,NA,NA
"Malaysia","Malaysia",NA,NA,NA,NA,NA,NA,NA,NA,3.7456106,4.0645425,3.0758097,2.6764405,2.2329097,2.187041,2.4206143,3.163552,4.0110497,4.7282552,4.4970293,4.4531633,3.9222678,5.1652718,5.3724431,4.978903,3.8722427,4.1823432,4.7241626,3.9807727,4.8546691,3.7111334,3.6705153,4.2301343,5.7851527,5.3676153,4.4233718,3.752357,3.4516587,3.2237338,4.1474995,2.4261124,2.6237017,2.5554035,3.1992836,2.9864217,2.8752454,2.8471153,2.7513451,2.4005644,2.0855587,1.6053353,2.1014816,1.6346755,2.0849228,2.2191314,2.6148067,2.263062,2.173929,2.0075974,1.9585025,1.8248438,1.8714869,1.4902101,1.5528531,1.4133307,1.4992958,1.434733,1.5038987,1.3843356,1.1008647,0.9606653,0.8949552,1.0070319,1.0579937
"Myanmar","Myanmar",NA,NA,NA,NA,NA,NA,NA,NA,NA,NA,NA,NA,6.1234605,5.6907115,6.8471406,6.0223456,6.6956208,6.1255794,5.2017985,5.0231972,5.3104288,5.601945,5.6512254,5.4516404,5.1139456,4.0210875,3.7749712,3.7937069,4.0397731,3.9213836,3.5575807,3.4221296,3.4568204,3.2182607,3.0703691,2.9236711,2.9782636,2.8791421,1.9724009,2.1408523,2.9591067,3.3958905,3.1710046,3.3545179,3.5231086,3.5411211,3.6848324,3.4934279,2.3137224,2.0089012,1.7313834,2.0011992,1.5625615,1.1275082,1.6704623,1.657227,1.3546012,NA,NA,NA,NA,NA,NA,3.8993658,4.0444939,3.789506,4.3013674,4.0865629,3.6489321,2.307457,2.1462132,2.9545908,3.3349398
"Philippines","Philippines",NA,NA,NA,NA,NA,NA,NA,NA,NA,1.9587457,1.8391331,1.7784589,1.702908,1.8088158,1.8558622,1.7049425,1.5491999,1.6517271,1.7399394,1.8674718,2.0908885,2.1567565,2.0699906,2.3361569,2.8138049,3.5580393,NA,3.9313383,3.621309,2.5817672,2.9649311,2.7097547,2.755721,2.5972879,2.4092534,1.6347589,1.9825734,1.9880536,1.9652471,2.4588892,2.2429234,2.1472467,2.0107211,2.0364616,2.1575356,2.1724466,2.2941315,2.2684077,1.9144614,1.6972934,1.6157758,1.6082266,1.4713788,1.4738902,1.5508448,1.3606265,1.3317953,1.3151639,1.2914259,1.2503291,1.2023234,1.1701322,1.1534146,1.1067042,1.1895017,1.0431271,1.088463,1.0455851,1.2470771,0.8195847,0.9202631,1.0124239,1.0378475
"Singapore","Singapore",NA,NA,NA,NA,NA,NA,NA,NA,NA,NA,NA,NA,NA,NA,NA,NA,NA,NA,NA,NA,NA,5.399081,5.6417031,5.0858079,4.704631,4.2941723,4.649257,5.044361,5.6771617,5.1952373,4.6520155,4.6368614,4.7413552,4.6511902,4.0714686,4.6988154,5.6566129,5.4425116,4.8706115,4.5478653,4.4928983,4.6321445,4.4483567,4.4713686,4.0917649,3.7914351,4.1787979,4.253314,4.4500365,5.211053,5.207354,4.5188863,4.82625,4.9249863,4.8696476,4.4168051,4.2881258,3.9450252,3.6025528,3.8500268,3.8824233,3.3813984,3.1938746,3.1081662,3.0384911,3.0478604,3.0467127,3.0993153,2.9841821,2.8355008,2.7955138,2.9428847,2.9782313
"Thailand","Thailand",NA,NA,NA,NA,NA,NA,NA,NA,3.5759854,3.2486218,3.0147675,2.4652649,2.0976768,2.6285468,2.61604,2.4300254,2.3259193,2.1653679,2.4268169,2.7545602,2.9913666,3.0652985,3.5609764,3.4742474,2.882243,2.6554386,2.7952328,3.131421,3.4817734,3.9237142,4.3809194,4.2444549,4.0631625,4.1203692,3.9533588,4.0644388,4.189115,3.7953282,3.3613866,2.9335011,2.6846671,2.5942502,2.6450248,2.6574229,2.5248245,2.5023834,2.2737824,2.1515251,2.1739225,1.8563683,1.6237976,1.488231,1.4337874,1.3499493,1.242128,1.0798069,1.0482295,1.101162,1.3396977,1.5326887,1.7037548,1.4548079,1.4867042,1.3814116,1.4039569,1.4066366,1.4265819,1.4214401,1.3899544,1.357574,1.3527078,1.4595203,1.3184427
"East Timor","East Timor",NA,NA,NA,NA,NA,NA,NA,NA,NA,NA,NA,NA,NA,NA,NA,NA,NA,NA,NA,NA,NA,NA,NA,NA,NA,NA,NA,NA,NA,NA,NA,NA,NA,NA,NA,NA,NA,NA,NA,NA,NA,NA,NA,NA,NA,NA,NA,NA,NA,NA,NA,NA,NA,NA,NA,NA,0.4448649,0.6059157,0.8238459,0.5385877,1.1401738,0.6599395,0.3613228,0.5004947,0.5607809,0.7322885,1.190536,1.0399445,0.9169434,0.7622057,1.2321415,1.1621977,1.1415807
"Vietnam","Vietnam",NA,NA,NA,NA,NA,NA,NA,NA,NA,NA,NA,NA,NA,NA,NA,NA,NA,NA,NA,NA,NA,NA,NA,NA,NA,NA,NA,NA,NA,NA,NA,NA,NA,NA,NA,NA,NA,NA,3.9537678,7.1016104,7.2865127,7.9108569,5.5953172,3.3745884,2.2586947,2.6493553,NA,NA,NA,NA,NA,NA,NA,NA,2.1286411,2.0143798,1.7809609,1.9383646,2.3047573,2.1563729,2.2652087,2.3050493,1.9820999,2.1568864,2.1768498,2.2855076,2.3611557,2.4429608,2.2679698,2.2845699,NA,NA,NA
"Kazakhstan","Kazakhstan",NA,NA,NA,NA,NA,NA,NA,NA,NA,NA,NA,NA,NA,NA,NA,NA,NA,NA,NA,NA,NA,NA,NA,NA,NA,NA,NA,NA,NA,NA,NA,NA,NA,NA,NA,NA,NA,NA,NA,NA,NA,NA,NA,NA,1.0626202,0.8387317,1.0324217,1.2019945,1.112939,1.1497383,0.8196071,0.7846451,0.9998175,0.9983377,1.0299275,0.9882397,1.0363212,0.9789988,1.2968768,1.1546685,1.1030332,1.0144156,0.9365135,1.0469065,1.0780848,1.0416921,NA,0.9335518,0.831895,0.8356258,1.0209168,0.9423976,0.8663686
"Kyrgyz Republic","Kyrgyz Republic",NA,NA,NA,NA,NA,NA,NA,NA,NA,NA,NA,NA,NA,NA,NA,NA,NA,NA,NA,NA,NA,NA,NA,NA,NA,NA,NA,NA,NA,NA,NA,NA,NA,NA,NA,NA,NA,NA,NA,NA,NA,NA,NA,0.8529557,0.8250556,1.0902816,1.7905169,1.5479801,1.7630187,1.5906341,1.8512476,1.8826787,1.4544226,1.6150871,1.6967288,1.6833068,1.6144018,1.6656395,1.3388219,1.1891989,1.4331099,1.6110185,1.394428,1.6279722,1.6223608,1.713569,1.7520241,1.6973896,1.5760111,1.5711222,1.5586922,1.8385256,1.6692138
"Tajikistan","Tajikistan",NA,NA,NA,NA,NA,NA,NA,NA,NA,NA,NA,NA,NA,NA,NA,NA,NA,NA,NA,NA,NA,NA,NA,NA,NA,NA,NA,NA,NA,NA,NA,NA,NA,NA,NA,NA,NA,NA,NA,NA,NA,NA,NA,0.000365714,0.00347686,0.0017198,1.0986133,1.289141,1.6950949,1.7130316,1.3920446,0.5981745,0.5807839,1.0488369,1.1187915,1.1313363,NA,NA,NA,1.0221871,0.9547685,0.9528551,1.0938066,0.99914,NA,1.1283801,1.2819824,1.2151398,1.093906,1.082302,1.0383298,1.0106898,1.0092128
"Turkmenistan","Turkmenistan",NA,NA,NA,NA,NA,NA,NA,NA,NA,NA,NA,NA,NA,NA,NA,NA,NA,NA,NA,NA,NA,NA,NA,NA,NA,NA,NA,NA,NA,NA,NA,NA,NA,NA,NA,NA,NA,NA,NA,NA,NA,NA,NA,NA,NA,1.7976471,2.3158462,2.0417444,3.9622702,3.1140273,2.9018748,NA,NA,NA,NA,NA,NA,NA,NA,NA,NA,NA,NA,NA,NA,NA,NA,NA,NA,NA,NA,NA,NA
"Uzbekistan","Uzbekistan",NA,NA,NA,NA,NA,NA,NA,NA,NA,NA,NA,NA,NA,NA,NA,NA,NA,NA,NA,NA,NA,NA,NA,NA,NA,NA,NA,NA,NA,NA,NA,NA,NA,NA,NA,NA,NA,NA,NA,NA,NA,NA,NA,NA,NA,1.5274824,1.1080287,1.2341859,1.4024958,NA,1.63765,1.1517799,0.8347708,0.5977928,0.5389213,NA,NA,NA,NA,NA,NA,NA,NA,NA,NA,NA,NA,NA,NA,3.5554826,NA,NA,NA
"Albania","Albania",NA,NA,NA,NA,NA,NA,NA,NA,NA,NA,NA,NA,NA,NA,NA,NA,NA,NA,NA,NA,NA,NA,NA,NA,NA,NA,NA,NA,NA,NA,NA,6.0520216,5.8483171,5.6515957,5.441282,6.1175045,5.6514262,5.6261865,5.8622289,5.6173166,5.1676127,5.8883007,5.7912704,4.6708878,3.1994511,2.5478191,2.0535874,1.3790296,1.2830808,1.2382426,1.2492101,1.2463602,1.3092914,1.3200345,1.3368429,1.3811579,1.350005,1.5677691,1.8207653,1.9848689,1.5172171,1.5585919,1.5282663,1.4870826,1.4089821,1.346516,1.1623039,1.103581,1.1086964,1.1605448,1.2996763,1.258268,1.4156359
"Bosnia and Herzegovina","Bosnia and Herzegovina",NA,NA,NA,NA,NA,NA,NA,NA,NA,NA,NA,NA,NA,NA,NA,NA,NA,NA,NA,NA,NA,NA,NA,NA,NA,NA,NA,NA,NA,NA,NA,NA,NA,NA,NA,NA,NA,NA,NA,NA,NA,NA,NA,NA,NA,NA,NA,NA,NA,NA,NA,NA,NA,3.9043729,2.4166977,1.8896028,1.5442197,1.3865335,1.2361529,1.220612,1.3765862,1.2803414,1.1364303,1.1455719,1.0870558,1.0258269,1.0006137,0.9339008,0.8641827,0.8525486,0.8200662,0.845572,0.8949383
"Bulgaria","Bulgaria",NA,NA,NA,NA,NA,NA,NA,NA,NA,NA,NA,NA,NA,NA,NA,NA,NA,NA,NA,NA,NA,NA,NA,NA,NA,NA,NA,NA,NA,NA,NA,NA,NA,NA,NA,NA,NA,NA,NA,NA,4.3962707,3.8334435,3.0432316,2.9726338,2.6092716,2.4926173,2.3741313,2.4029341,2.4307014,2.4530591,2.645172,2.6711705,2.8844614,2.8012596,2.7120207,2.3919935,2.2528982,2.0969913,2.2296113,2.1335248,1.7395115,1.6524682,1.3207173,1.3363553,1.4593401,1.3137045,1.2488481,1.2467073,1.2262437,1.4515684,3.1484755,1.5444513,1.594889
"Croatia","Croatia",NA,NA,NA,NA,NA,NA,NA,NA,NA,NA,NA,NA,NA,NA,NA,NA,NA,NA,NA,NA,NA,NA,NA,NA,NA,NA,NA,NA,NA,NA,NA,NA,NA,NA,NA,NA,NA,NA,NA,NA,NA,NA,NA,7.6073864,10.7267572,11.1481773,9.3150104,8.2920111,8.9424925,6.6002195,4.4296297,3.0300558,2.7027738,2.7306333,2.0462989,1.7601437,1.7623284,1.6858051,1.6284306,1.8451879,1.7898345,1.6811906,1.7515682,1.6703631,1.6250085,1.8231861,1.7605797,1.6003581,1.6435934,1.55249,1.6093024,1.7708518,2.7355686
"Czech Republic","Czech Republic",NA,NA,NA,NA,NA,NA,NA,NA,NA,NA,NA,NA,NA,NA,NA,NA,NA,NA,NA,NA,NA,NA,NA,NA,NA,NA,NA,NA,NA,NA,NA,NA,NA,NA,NA,NA,NA,NA,NA,NA,NA,NA,NA,NA,2.3304041,2.2834009,1.8436228,1.7319047,1.6620458,1.8259318,1.8590699,1.877357,1.7512496,1.824407,1.892764,1.7137032,1.7900838,1.5759062,1.4309147,1.2324716,1.3105641,1.1947722,1.0778365,1.0632168,1.0150837,0.9662278,0.9465821,0.9961281,0.9566554,1.08867,1.1525214,1.3258191,1.4340914
"Estonia","Estonia",NA,NA,NA,NA,NA,NA,NA,NA,NA,NA,NA,NA,NA,NA,NA,NA,NA,NA,NA,NA,NA,NA,NA,NA,NA,NA,NA,NA,NA,NA,NA,NA,NA,NA,NA,NA,NA,NA,NA,NA,NA,NA,NA,NA,0.761752,1.0416303,0.9580983,0.8735961,1.0467725,1.0674917,1.2871134,1.3763271,1.5022145,1.6671295,1.7430493,1.6996892,1.4509199,1.3884224,1.6575821,1.7650497,1.7889384,1.6864701,1.6640102,1.8835796,1.8966666,1.9127859,2.0113352,2.0518444,2.0077335,2.0086659,2.0240188,2.3637676,2.155515
"German Democratic Republic","German Democratic Republic",NA,NA,NA,NA,NA,NA,NA,NA,NA,NA,NA,NA,NA,NA,NA,NA,NA,NA,NA,NA,NA,NA,NA,NA,NA,NA,NA,NA,NA,NA,NA,NA,NA,NA,NA,NA,NA,NA,NA,NA,NA,NA,NA,NA,NA,NA,NA,NA,NA,NA,NA,NA,NA,NA,NA,NA,NA,NA,NA,NA,NA,NA,NA,NA,NA,NA,NA,NA,NA,NA,NA,NA,NA
"Hungary","Hungary",NA,NA,NA,NA,NA,NA,NA,NA,NA,NA,NA,NA,NA,NA,NA,NA,NA,NA,NA,NA,NA,4.0300752,3.7416851,3.2736573,3.006993,3.2078414,3.335405,3.0062394,2.9553265,3.2396379,3.2390444,3.3425798,3.3337607,3.243307,3.3359366,3.147675,4.9724291,3.2237325,3.1555773,3.5962233,2.7861621,2.563538,2.1614698,2.1796532,1.9065683,1.8241344,1.3247275,1.259061,1.4766844,1.2721642,1.4336126,1.5131002,1.5701271,1.5937738,1.6426216,1.4727238,1.4120288,1.22301,1.2702581,1.1811797,1.1286455,1.0239956,1.038426,1.0292054,0.9453031,0.8594478,0.9054446,1.0031063,1.0266576,1.1166414,1.2543863,1.8566293,1.6360659
"Kosovo","Kosovo",NA,NA,NA,NA,NA,NA,NA,NA,NA,NA,NA,NA,NA,NA,NA,NA,NA,NA,NA,NA,NA,NA,NA,NA,NA,NA,NA,NA,NA,NA,NA,NA,NA,NA,NA,NA,NA,NA,NA,NA,NA,NA,NA,NA,NA,NA,NA,NA,NA,NA,NA,NA,NA,NA,NA,NA,NA,NA,NA,0.0163028,0.4815973,0.6617087,0.7615412,0.6675633,0.6871483,0.7253115,0.7761514,0.7736674,0.7957205,0.7979143,0.826154,1.0605525,0.9398589
"Latvia","Latvia",NA,NA,NA,NA,NA,NA,NA,NA,NA,NA,NA,NA,NA,NA,NA,NA,NA,NA,NA,NA,NA,NA,NA,NA,NA,NA,NA,NA,NA,NA,NA,NA,NA,NA,NA,NA,NA,NA,NA,NA,NA,NA,NA,NA,0.7352954,0.8387572,0.8056568,0.6391447,0.5821149,0.587848,0.7509408,0.881715,1.0415388,1.5422083,1.6100243,1.5956582,1.6106219,1.7150186,1.5528724,1.6270909,1.3822678,1.0875152,1.0371597,0.902699,0.9317867,0.9439353,1.0378293,1.4506933,1.5948215,2.0622774,2.028669,2.2550151,2.280419
"Lithuania","Lithuania",NA,NA,NA,NA,NA,NA,NA,NA,NA,NA,NA,NA,NA,NA,NA,NA,NA,NA,NA,NA,NA,NA,NA,NA,NA,NA,NA,NA,NA,NA,NA,NA,NA,NA,NA,NA,NA,NA,NA,NA,NA,NA,NA,NA,0.8122606,0.4933776,0.4543729,0.50398,0.7471112,1.2292543,0.9701025,1.2167,1.3619436,1.2712887,1.1212285,1.1959433,1.1622116,1.1651848,1.1136076,1.1316086,1.0828038,0.8786591,0.7907008,0.7652658,0.7629075,0.8795963,1.1377482,1.4775059,1.7120705,1.9674191,2.0071507,2.1276314,2.0217262
"North Macedonia","North Macedonia",NA,NA,NA,NA,NA,NA,NA,NA,NA,NA,NA,NA,NA,NA,NA,NA,NA,NA,NA,NA,NA,NA,NA,NA,NA,NA,NA,NA,NA,NA,NA,NA,NA,NA,NA,NA,NA,NA,NA,NA,NA,NA,NA,NA,NA,NA,NA,2.8136767,2.1282469,2.0982398,1.7138206,1.8508215,6.1003956,2.6455975,2.3417012,2.3801041,2.0292633,1.8365377,1.9500697,1.7423409,1.6881646,1.3821546,1.2621871,1.2253197,1.1694372,1.0929608,0.9934277,0.970116,0.8950414,0.9431087,1.1645941,1.2481217,1.5410425
"Montenegro","Montenegro",NA,NA,NA,NA,NA,NA,NA,NA,NA,NA,NA,NA,NA,NA,NA,NA,NA,NA,NA,NA,NA,NA,NA,NA,NA,NA,NA,NA,NA,NA,NA,NA,NA,NA,NA,NA,NA,NA,NA,NA,NA,NA,NA,NA,NA,NA,NA,NA,NA,NA,NA,NA,NA,NA,NA,NA,2.6943633,2.2907121,1.7440598,1.8721819,1.8437594,1.8143477,1.7489672,1.6564633,1.4522627,1.4722715,1.4037162,1.4112798,1.3627764,1.3692948,1.3344127,1.6690992,1.7429456
"Poland","Poland",NA,NA,NA,NA,NA,NA,NA,NA,NA,NA,NA,NA,NA,NA,NA,NA,NA,NA,NA,NA,NA,NA,NA,NA,NA,NA,NA,NA,NA,NA,NA,2.6523297,2.9131856,3.2455824,2.9029463,3.0550373,3.015797,2.9414035,2.7626919,2.5920551,1.8171215,2.6124857,2.2516502,2.2309994,2.4691873,2.2732321,1.9555071,1.9679194,2.0313067,2.0190813,1.9011358,1.8303366,1.905638,1.9006386,1.908042,1.873241,1.9261299,1.9200448,2.0020328,1.7521397,1.7974162,1.8319183,1.7898088,1.802713,1.7803226,1.9070465,2.1374071,1.9384627,1.894931,2.0495721,1.9710413,2.2983157,2.1204144
"Romania","Romania",NA,NA,NA,NA,NA,NA,NA,NA,NA,NA,NA,NA,NA,NA,NA,NA,NA,NA,NA,NA,NA,NA,NA,NA,NA,NA,NA,NA,NA,NA,NA,2.2045427,2.2012236,2.0402159,1.9850871,1.9067272,4.2992808,4.4457112,3.9140286,4.2054706,4.7972961,4.547415,4.7733347,4.2476825,2.740608,3.1147284,2.6134477,2.3690729,3.01765,3.0041749,2.6402593,2.4989142,2.4207452,2.2872961,2.0884871,2.0076576,1.9819353,1.8225711,1.4936183,1.3999844,1.2780696,1.2544216,1.2981627,1.2323827,1.2853828,1.3459986,1.4519688,1.406137,1.7210717,1.8052417,1.843956,2.0308867,1.9539229
"Serbia","Serbia",NA,NA,NA,NA,NA,NA,NA,NA,NA,NA,NA,NA,NA,NA,NA,NA,NA,NA,NA,NA,NA,NA,NA,NA,NA,NA,NA,NA,NA,NA,NA,NA,NA,NA,NA,NA,NA,NA,NA,NA,NA,NA,NA,NA,NA,NA,NA,3.5112859,3.7865045,3.511898,4.0059474,5.1539432,4.0275712,4.2099541,3.4479085,2.9731616,2.2739436,2.1706212,2.2505172,2.1297981,2.1572765,2.0859653,2.003645,1.9709937,1.9006599,1.9407688,1.8260863,1.7451557,1.8375075,1.6149376,2.2144191,2.1021793,2.0865005
"Slovakia","Slovakia",NA,NA,NA,NA,NA,NA,NA,NA,NA,NA,NA,NA,NA,NA,NA,NA,NA,NA,NA,NA,NA,NA,NA,NA,NA,NA,NA,NA,NA,NA,NA,NA,NA,NA,NA,NA,NA,NA,NA,NA,NA,NA,NA,NA,1.9963603,1.939519,3.1545581,2.9738287,2.2831162,1.7443365,1.5738265,1.6553124,1.843161,1.7760268,1.8411111,1.652006,1.6814409,1.5965126,1.4783889,1.4593851,1.5164867,1.2597404,1.0742659,1.0791595,0.9791969,0.9859735,1.1144881,1.1195561,1.1072576,1.2277756,1.7118912,1.9504937,1.7058158
"Slovenia","Slovenia",NA,NA,NA,NA,NA,NA,NA,NA,NA,NA,NA,NA,NA,NA,NA,NA,NA,NA,NA,NA,NA,NA,NA,NA,NA,NA,NA,NA,NA,NA,NA,NA,NA,NA,NA,NA,NA,NA,NA,NA,NA,NA,NA,2.2472333,1.8173014,1.6540747,1.5730348,1.5363628,1.4013683,1.3611825,1.2113025,1.0931663,1.3004825,1.3876186,1.4037983,1.4306519,1.4201972,1.5421822,1.4429145,1.4929191,1.5861568,1.6031252,1.2921708,1.1667912,1.0469483,0.9737396,0.9301195,1.0042871,0.9818311,0.9781148,1.0573034,1.0614253,1.2180758
"Yugoslavia","Yugoslavia",NA,NA,NA,NA,NA,NA,NA,NA,NA,NA,NA,NA,NA,NA,NA,NA,NA,NA,NA,NA,NA,NA,NA,NA,NA,NA,NA,NA,NA,NA,NA,NA,NA,NA,NA,NA,NA,NA,NA,NA,NA,NA,NA,NA,NA,NA,NA,NA,NA,NA,NA,NA,NA,NA,NA,NA,NA,NA,NA,NA,NA,NA,NA,NA,NA,NA,NA,NA,NA,NA,NA,NA,NA
"Armenia","Armenia",NA,NA,NA,NA,NA,NA,NA,NA,NA,NA,NA,NA,NA,NA,NA,NA,NA,NA,NA,NA,NA,NA,NA,NA,NA,NA,NA,NA,NA,NA,NA,NA,NA,NA,NA,NA,NA,NA,NA,NA,NA,NA,NA,2.2033898,2.2966443,NA,4.0593119,3.281867,3.9093986,3.528096,3.6973742,3.5600249,3.1272494,2.6977147,2.7283722,2.7419967,2.8719314,2.9476132,3.0425747,3.3955794,4.1570499,4.2656461,3.8539464,3.5837669,3.9972446,3.9433783,4.2392258,4.0903492,3.8497306,4.1198862,4.7877058,4.982736,4.4401211
"Azerbaijan","Azerbaijan",NA,NA,NA,NA,NA,NA,NA,NA,NA,NA,NA,NA,NA,NA,NA,NA,NA,NA,NA,NA,NA,NA,NA,NA,NA,NA,NA,NA,NA,NA,NA,NA,NA,NA,NA,NA,NA,NA,NA,NA,NA,NA,NA,2.4002256,5.0004678,1.9465846,2.7369013,2.2542303,2.3240498,2.4123559,2.6251099,2.2678621,2.3120626,2.2433138,2.4263626,2.6294811,2.2990697,3.4177593,2.8641949,3.2912111,3.3254217,2.7910044,4.6701356,4.6586183,4.5409233,4.5550131,5.4648768,3.6885273,3.7563017,3.5624012,3.8734117,5.390495,5.270059
"Belarus","Belarus",NA,NA,NA,NA,NA,NA,NA,NA,NA,NA,NA,NA,NA,NA,NA,NA,NA,NA,NA,NA,NA,NA,NA,NA,NA,NA,NA,NA,NA,NA,NA,NA,NA,NA,NA,NA,NA,NA,NA,NA,NA,NA,NA,1.6224986,2.7909715,3.6216083,1.6994638,1.2606926,1.7689666,1.4950987,1.3667607,1.3469842,1.4382907,1.4002458,1.2990639,1.3582223,1.4984531,1.7094125,1.6497659,1.4534929,1.372577,1.3413834,1.2244951,1.2292187,1.2707967,1.2688425,1.2574824,1.253515,1.146289,1.1822617,1.2008645,1.1741698,1.1558057
"Georgia","Georgia",NA,NA,NA,NA,NA,NA,NA,NA,NA,NA,NA,NA,NA,NA,NA,NA,NA,NA,NA,NA,NA,NA,NA,NA,NA,NA,NA,NA,NA,NA,NA,NA,NA,NA,NA,NA,NA,NA,NA,NA,NA,NA,NA,NA,NA,NA,NA,2.210173,1.2535877,1.136974,0.9243749,0.6155825,0.740186,1.000533,1.0684891,1.373839,3.3391698,5.218307,9.1591165,8.5201184,5.6065971,3.7096324,3.1029687,2.9837341,2.5705524,2.3579396,2.0029459,2.0816403,1.969743,1.8971132,1.7499243,1.7829881,1.6732217
"Moldova","Moldova",NA,NA,NA,NA,NA,NA,NA,NA,NA,NA,NA,NA,NA,NA,NA,NA,NA,NA,NA,NA,NA,NA,NA,NA,NA,NA,NA,NA,NA,NA,NA,NA,NA,NA,NA,NA,NA,NA,NA,NA,NA,NA,NA,NA,0.5300672,0.7737941,0.9259659,0.9066937,0.9027725,0.6248552,0.5112991,0.3872825,0.4025923,0.4198466,0.4163813,0.360979,0.4002351,0.4826345,0.5161935,0.6085356,0.4578866,0.2628792,0.2729496,0.2740799,0.2812615,0.2898526,0.2976255,0.3403299,0.3193186,0.3263751,0.355073,0.3748385,0.4116136
"Russia","Russia",NA,NA,NA,NA,NA,NA,NA,NA,NA,NA,NA,NA,NA,NA,NA,NA,NA,NA,NA,NA,NA,NA,NA,NA,NA,NA,NA,NA,NA,NA,NA,NA,NA,NA,NA,NA,NA,NA,NA,NA,NA,NA,NA,4.4270323,4.1813246,4.5237007,3.78443,3.7565588,4.0398093,2.7326491,3.0732879,3.3070298,3.5463192,3.7562774,3.6708381,3.3003536,3.3301032,3.2452544,3.1185421,3.149486,3.9240634,3.5850857,3.4330438,3.6892404,3.8540426,4.112993,4.8715147,5.4251477,4.2489961,3.6925188,3.8321157,4.2634498,4.0800662
"Ukraine","Ukraine",NA,NA,NA,NA,NA,NA,NA,NA,NA,NA,NA,NA,NA,NA,NA,NA,NA,NA,NA,NA,NA,NA,NA,NA,NA,NA,NA,NA,NA,NA,NA,NA,NA,NA,NA,NA,NA,NA,NA,NA,NA,NA,NA,NA,0.3523529,1.7983403,2.0359574,2.1907863,2.7949791,2.1059817,1.9007562,2.1510492,1.8868711,1.9846842,2.124209,1.9670586,2.405749,2.3877456,2.4725274,2.3027411,1.9089819,1.902361,1.5336412,1.6133199,1.5792917,2.2450205,3.2511808,3.1547766,2.8844015,3.1923533,3.5201524,3.8118495,3.2283469
"USSR","USSR",NA,NA,NA,NA,NA,NA,NA,NA,NA,NA,NA,NA,NA,NA,NA,NA,NA,NA,NA,NA,NA,NA,NA,NA,NA,NA,NA,NA,NA,NA,NA,NA,NA,NA,NA,NA,NA,NA,NA,NA,NA,NA,NA,NA,NA,NA,NA,NA,NA,NA,NA,NA,NA,NA,NA,NA,NA,NA,NA,NA,NA,NA,NA,NA,NA,NA,NA,NA,NA,NA,NA,NA,NA
"Austria","Austria",NA,NA,NA,NA,NA,NA,NA,NA,1.6268458,1.812384,1.7021113,1.4581857,1.3093375,1.3520719,1.5796678,1.8873002,1.5072134,1.6244051,1.6091664,1.5426747,1.4992566,1.3801301,1.246107,1.2022867,1.1849886,1.2768825,1.4512784,1.3651968,1.3459519,1.4292126,1.4338457,1.4202461,1.3800517,1.4129967,1.3911759,1.4141583,1.5126236,1.5087585,1.4166779,1.2991811,1.2341549,1.1956603,1.1542171,1.0992141,1.1155845,1.0944531,1.0732321,1.049683,1.046434,1.0180729,0.9802461,0.9803186,0.90824,0.8835278,0.9136403,0.8934805,0.8501426,0.7858132,0.9004572,0.8707051,0.8333796,0.8212327,0.7908976,0.7784643,0.7508254,0.7477801,0.6981382,0.7297377,0.7573213,0.7447384,0.7275132,0.8329894,0.8021217
"Belgium","Belgium",NA,NA,NA,NA,4.8625578,4.880254,3.7834116,3.558163,3.6083995,3.5709566,3.5183357,3.3973479,3.2590701,3.2847522,3.216631,3.2134717,2.9730636,3.112586,3.1345816,3.11509,2.931815,2.9186401,2.8989259,2.88076,2.8353111,2.7614162,3.0650345,3.0933695,3.1432486,3.2615221,3.261345,3.2501954,3.3660494,3.2699446,3.1914132,3.0079024,2.9312339,2.9537726,2.9017948,2.6287484,2.4608543,2.3554405,2.2876928,1.8323325,1.7359659,1.6771432,1.5657522,1.5401027,1.4769758,1.4639193,1.3858356,1.3412103,1.2765042,1.2157122,1.2149882,1.1492721,1.0915601,1.0512392,1.0945353,1.2138983,1.1600399,1.0846329,1.0435068,1.0417565,1.0089595,0.9709598,0.9092842,0.8947062,0.8836806,0.8913995,0.8893872,1.0451027,1.0818078
"Cyprus","Cyprus",NA,NA,NA,NA,NA,NA,NA,NA,NA,NA,NA,NA,NA,NA,NA,NA,NA,NA,NA,NA,NA,NA,NA,NA,NA,NA,NA,NA,NA,NA,NA,NA,NA,NA,NA,NA,1.2702917,1.5771579,5.3914777,5.700256,5.3693551,7.3740356,7.2647761,9.129286,4.0749526,4.0239892,3.0410342,4.5247148,5.5739108,4.6763179,2.733851,2.8220902,3.1532222,2.1301607,1.9851631,1.9557692,2.0374697,1.8999979,1.6845997,1.6297049,1.8168195,1.8578077,1.7426623,1.6593987,1.6110616,1.5472605,1.6532134,1.4108257,1.5831113,1.7804857,1.8580435,2.0534803,1.9868122
"Denmark","Denmark",NA,1.664503,2.0529887,2.739504,3.3633475,3.1943692,3.1811895,3.026286,3.0787953,2.8771112,2.5890138,2.7288776,2.5868116,3.0182731,3.0415239,2.8429145,2.8321377,2.6367497,2.5882109,2.6759341,2.3916076,2.42912,2.3622222,2.1799733,1.9758076,2.2348439,2.3972495,2.2042032,2.2163031,2.2718212,2.2515274,2.3630925,2.4386664,2.419895,2.3647429,2.2354707,2.1046721,1.9448192,2.0316475,2.0874706,2.0242201,1.950757,1.9546802,1.8893773,1.9071977,1.7701099,1.6853147,1.6448167,1.6159612,1.6080264,1.5648547,1.4574441,1.5323807,1.5081499,1.4668512,1.4237042,1.3114886,1.3774922,1.3072471,1.3550045,1.3501786,1.3986218,1.3135313,1.351819,1.227252,1.1492733,1.111446,1.1476376,1.1382333,1.2775393,1.3109772,1.3982031,1.3715915
"Finland","Finland",NA,NA,NA,NA,NA,NA,NA,NA,NA,1.7079655,1.8749287,1.769041,1.8361815,2.5131783,1.9271418,1.859273,1.7973404,1.7139513,1.6155212,1.7550744,1.4374777,1.375854,1.4490469,1.5308455,1.453702,1.2701787,1.5081598,1.3401246,1.405352,1.4294441,1.4790093,1.6709355,1.5455867,1.6437501,1.8232638,1.6040418,1.6765791,1.72391,1.645533,1.6076912,1.5343145,1.5633515,1.781231,1.907131,1.8680115,1.7556036,1.4225415,1.5304723,1.5351551,1.4631756,1.2231038,1.2411475,1.1445128,1.1546372,1.4468573,1.4701636,1.4671904,1.4447667,1.2908879,1.3949174,1.5607424,1.4917582,1.489409,1.5265847,1.5338609,1.4519302,1.449961,1.4196526,1.3534986,1.3622124,1.3477111,1.5304509,2.0302808
"France","France",NA,4.6541811,5.9868628,7.22792,7.571529,6.1207856,5.3848348,6.4603929,6.1605964,5.6875298,5.6352469,5.4284859,5.2956075,5.1588713,4.7400857,4.5402503,4.3953195,4.2901033,4.2952459,4.136846,3.6797517,3.4585577,3.316093,3.2303046,3.1437192,3.0864406,3.1971455,3.1561396,3.2315686,3.1514873,3.1393954,3.1552051,3.2461326,3.2238391,3.2371318,3.1873693,3.1439328,3.085765,3.1204516,2.9631806,2.8799353,2.8052676,2.8121364,2.6906607,2.6895348,2.660375,2.4924962,2.414474,2.3754097,2.2262083,2.177843,2.0850182,2.0306953,2.046258,2.0956804,2.1043508,2.0237069,1.9750983,1.9075286,1.8970759,2.0981473,1.9694194,1.8914062,1.8710806,1.8498759,1.8629614,1.8722583,1.9172824,1.908642,1.8430087,1.8364615,2.0094578,1.9453823
"Germany","Germany",NA,NA,NA,NA,3.9663409,3.740232,3.8439495,3.4109841,3.8981216,2.7901938,4.1678308,3.7698629,3.7399063,4.4959672,4.899284,4.3842997,4.0910725,3.9092968,4.0776763,3.4063873,3.3986229,3.0126306,3.0602136,3.1675076,3.1596173,3.2611413,3.2832162,3.1355666,3.0382937,3.0494446,2.9641824,2.9613498,3.0418797,3.0342956,3.0269739,2.9262247,2.8673795,2.7903286,2.772299,2.6409099,2.5324305,2.5184327,1.997835,1.8604799,1.6935383,1.5502764,1.495022,1.4658585,1.4093017,1.3908948,1.3950744,1.358883,1.3234383,1.3279581,1.3169249,1.2689574,1.0656297,1.199303,1.1724718,1.209034,1.3106041,1.2668266,1.2061503,1.2416775,1.1852579,1.149942,1.1373384,1.1496545,1.1540494,1.1678329,1.2602678,1.3862262,1.3373843
"Greece","Greece",5.9063333,6.0088325,6.6368582,6.4288838,5.1146019,5.4935154,5.1136149,5.9415928,5.0027412,4.7661429,4.8564659,4.857303,4.24357,4.0484297,3.8244846,3.5735621,3.4984649,3.5846874,4.3457077,4.6901803,4.7887861,4.1973022,4.1191992,3.9565251,3.5177091,4.8244688,5.8473216,5.8292274,5.9185357,5.5754445,5.1812483,4.660806,5.7357013,5.6265935,5.1724767,4.8354443,4.6925669,4.1280151,4.2555204,4.1982322,3.7658695,3.7982603,3.4848651,3.6298009,3.6001247,3.5819723,3.1731902,3.3119133,3.3658689,3.5338688,3.3604699,3.4653553,3.2514129,3.0773746,2.4938948,2.6056725,2.8365963,2.7834189,2.6793059,2.9830523,3.2248411,2.7502183,2.5222788,2.4436708,2.371304,2.3507829,2.466921,2.5759178,2.5634899,2.7164531,2.6669519,2.8131619,3.8673696
"Iceland","Iceland",NA,NA,NA,NA,NA,NA,NA,NA,NA,NA,NA,NA,NA,NA,NA,NA,NA,NA,NA,NA,NA,NA,NA,NA,NA,NA,NA,NA,NA,NA,NA,NA,NA,NA,NA,NA,NA,NA,NA,NA,NA,NA,NA,NA,NA,NA,NA,NA,NA,NA,NA,NA,NA,NA,NA,NA,NA,NA,NA,NA,NA,NA,NA,NA,NA,NA,NA,NA,NA,NA,NA,NA,NA
"Ireland","Ireland",NA,NA,NA,NA,NA,NA,NA,NA,NA,1.4489518,1.4183919,1.3303867,1.3201421,1.29022,1.2428171,1.3032079,1.3269081,1.2343605,1.1871268,1.1328513,1.0992804,1.1586093,1.2439451,1.328811,1.3126949,1.4069324,1.625959,1.6151625,1.5251774,1.4830835,1.5822006,1.665267,1.5806066,1.5912369,1.4926312,1.4124394,1.4160442,1.4232053,1.2823002,1.1994342,1.1054761,1.2035033,1.2539353,1.2041185,1.1392251,1.1087326,1.0143594,0.9899272,0.9240661,0.8238695,0.7506765,0.6956977,0.7035172,0.6340137,0.5875409,0.5683223,0.5409932,0.5129363,0.5084126,0.575953,0.6002271,0.573793,0.5471748,0.5144945,0.5014022,0.4606757,0.3420159,0.3344418,0.3041411,0.2868624,0.2791453,0.2874877,0.2647912
"Italy","Italy",NA,NA,3.7770899,3.9941207,3.3275571,3.5321933,3.251679,3.1661962,3.0858738,3.0421335,2.9538941,2.713826,2.5738691,2.6338384,2.753438,2.7273559,2.7475802,2.98872,2.7677469,2.6489616,2.4224008,2.0582101,2.2389709,2.391176,2.1958174,2.0706268,1.9752322,1.8281437,1.8908085,1.8797551,1.8739595,1.7636432,1.8211125,2.0053729,2.0165014,2.0086078,1.9363689,1.9771426,2.0603536,2.0728575,2.0264273,1.8807984,1.8588527,1.751977,1.786768,1.7137428,1.4678431,1.5884923,1.6266928,1.6445089,1.6832998,1.7410595,1.6793647,1.7061872,1.7089955,1.6826733,1.6051704,1.5254829,1.4470525,1.535675,1.5542107,1.5004946,1.4759566,1.426925,1.3990204,1.2829697,1.2082283,1.3348353,1.3573706,1.3592909,1.3127617,1.5344124,1.5227301
"Luxembourg","Luxembourg",NA,1.2083338,1.4078874,2.1430807,2.6071885,2.9437696,2.9163725,1.7124275,1.7591927,1.7396079,1.5874059,0.9069529,1.0001521,1.1624637,1.067221,1.245854,1.2203151,1.211879,0.9960859,0.8250228,0.7375808,0.6819932,0.7126468,0.7380459,0.7069352,0.6850001,0.8697189,0.8909969,0.9065049,0.9291908,0.9186959,1.0418442,1.09342,1.077152,1.0882413,1.0421696,0.8675544,0.8330868,0.9159159,0.9514945,0.7884583,0.7883447,0.8113852,0.8271984,0.7071544,0.7415614,0.5953269,0.587036,0.61389,0.6399205,0.5714019,0.5441185,0.6802871,0.5868255,0.6071799,0.6112355,0.5896432,0.5264348,0.5585019,0.3926962,0.3802921,0.5057264,0.4156523,0.3868907,0.3989835,0.408606,0.451585,0.4090977,0.5249035,0.529797,0.5744917,0.6273384,0.6268808
"Malta","Malta",NA,NA,NA,NA,NA,NA,NA,NA,NA,NA,NA,NA,NA,NA,NA,NA,NA,NA,NA,NA,NA,NA,NA,NA,NA,NA,NA,NA,NA,NA,NA,NA,NA,NA,NA,NA,1.276251,1.2691838,1.4562578,1.2210667,1.1081848,0.914918,0.8711199,0.9731834,1.001961,1.0240591,0.8423582,0.8748124,0.8246912,0.7314719,0.6836547,0.6255173,0.6669174,0.6358461,0.6301229,0.67053,0.821185,0.6550958,0.6176907,0.6163692,0.679751,0.6505909,0.5806402,0.5275879,0.5099476,0.4867616,0.4672037,0.5106577,0.4787112,0.4364802,0.5103716,0.4568543,0.51366
"Netherlands","Netherlands",NA,NA,NA,NA,NA,NA,NA,5.793747,5.3168383,4.7181953,4.0238283,3.7039018,4.0872839,4.1227753,4.0108345,3.9326527,3.5712903,3.3702843,3.5233358,3.2563349,3.2289286,2.8662356,2.8388295,2.81854,2.7029972,2.6534717,2.8438601,2.6889094,2.9544575,2.7470705,2.8402328,2.7842986,2.8631194,3.1414706,2.8485847,2.8617244,2.7682181,2.7251198,2.7134672,2.6109095,2.5174039,2.3690199,2.2485315,2.2130026,2.0278294,1.913061,1.7942405,1.7566077,1.6592732,1.5806481,1.5898254,1.4340043,1.4379069,1.426556,1.4438096,1.4268278,1.3964853,1.3933891,1.3547168,1.3053192,1.3976333,1.3254337,1.2883653,1.2354089,1.1661516,1.1596879,1.1327115,1.1636269,1.1568037,1.2166742,1.3229299,1.4806517,1.4224507
"Norway","Norway",2.7092334,2.3684734,3.0482281,4.0082964,5.077809,5.0046055,3.9253645,3.5212293,3.58657,3.5060088,3.5758124,3.2004356,3.0042044,3.2415179,3.2084273,3.119164,3.3979365,3.5679598,3.5125628,3.6078431,3.6042525,3.4728395,3.3915044,3.291466,3.1336051,3.0355353,3.2084303,3.1240298,3.0981768,2.8413189,2.7665459,2.6190189,2.6239722,2.7445921,2.7949715,2.5444344,2.7960002,2.808417,2.9783244,2.8930899,2.9101571,2.8862269,2.7474872,2.9647003,2.6873498,2.7331371,2.307491,2.163075,2.0160796,2.1567377,2.0391056,1.7058319,1.7045415,2.0805919,1.9748545,1.8487851,1.5814676,1.4502438,1.4653815,1.3782416,1.604295,1.5156982,1.4514358,1.4021342,1.4139965,1.4720388,1.5072796,1.6266815,1.7194972,1.7262444,1.8584342,2.0060349,1.8413552
"Portugal","Portugal",NA,3.1019351,NA,NA,3.2934845,3.4103246,3.4469044,3.2840755,3.2651744,3.2311535,3.4388992,3.3840578,5.1475843,5.5966943,5.2380062,5.444185,5.0497457,5.1017612,5.910669,5.962344,5.4806244,5.4791203,5.7358507,5.3773783,4.607417,5.7497727,4.0983466,3.1227741,2.7412398,2.7725903,2.6861716,2.6836611,2.6518142,2.6947953,2.5281437,2.4646469,2.4411037,2.5368151,2.4619704,2.4965626,2.4993118,2.4375083,2.4231105,2.3903902,2.3655798,2.2261558,2.2602882,2.1207957,2.0407027,1.8837333,1.8880106,1.862356,1.9127199,1.9385631,1.8852165,1.965918,2.0473039,1.94997,1.8180552,1.8365587,2.0307989,1.9802166,2.00265,1.9121371,2.0896306,1.7905113,1.7879744,2.0040237,1.6718789,1.7647077,1.7814609,1.8866739,2.0727574
"Spain","Spain",NA,NA,NA,NA,NA,2.2908677,2.3107,2.2600943,2.2346428,1.9334355,1.9054529,2.250747,2.0312448,2.2677459,1.9696329,1.9305586,1.8848668,2.0796194,1.8519569,2.2976725,2.4341675,2.2866162,2.1079717,2.3177821,2.1107417,2.2075639,2.0042622,2.3210469,2.3142327,2.3579573,2.4970649,2.4898958,2.5821087,2.6603067,2.9362729,2.9660055,2.9547217,2.6250367,2.6147007,2.4893752,2.3596751,2.2933052,2.1291922,2.0428037,2.0118717,2.0013374,1.9170224,1.814439,1.7228157,1.7573199,1.7552346,1.725518,1.629584,1.4559737,1.4225444,1.4302212,1.3871778,1.3700075,1.3631063,1.3676205,1.3583538,1.3873781,1.3318766,1.4236373,1.2727707,1.2544591,1.2708238,1.137728,1.2306908,1.2549592,1.2338322,1.3630667,1.3707815
"Sweden","Sweden",NA,NA,NA,NA,NA,NA,NA,NA,NA,NA,NA,3.7769709,3.7206133,3.8634443,3.9672772,3.8661977,3.9126307,3.8580133,3.6114518,3.4765469,3.4592807,3.3586683,3.4100368,3.4079643,3.2785873,3.215397,3.0816031,3.0031129,3.1010821,3.1477755,3.1233574,2.9234516,2.9482371,2.8537548,2.7378226,2.6719613,2.6730084,2.5865683,2.4827961,2.445516,2.4327501,2.4622209,2.3198846,2.3387909,2.2637108,2.1314662,1.753405,1.4846029,1.9089759,1.8726238,1.8659494,1.8230674,1.7772983,1.6411545,1.59679,1.4412834,1.4158884,1.3272074,1.2999815,1.1637472,1.1598043,1.1871285,1.1016912,1.1301103,1.1125205,1.1264473,1.0665021,1.0530164,1.0231792,1.0322461,1.0934092,1.1587757,1.2768498
"Switzerland","Switzerland",NA,NA,NA,NA,NA,NA,NA,NA,2.8314318,2.9884339,2.7108168,2.3414504,2.4690771,2.5675676,2.5163367,2.5358557,2.4679593,2.5307934,2.3823738,2.1765176,2.1979237,2.1033475,2.0525268,1.9681261,1.8614486,1.8759745,1.9007527,2.162581,2.0220866,1.9673644,2.0397994,1.6786065,1.6628022,1.7281945,1.7488056,1.7012483,1.8249719,1.661022,1.5618661,1.5648053,1.5241654,1.5721472,1.5378249,1.5237093,1.3669643,1.3322841,1.3558109,1.2843358,1.2209463,1.18432,1.0854016,1.0292809,0.9918804,0.9563888,0.9266312,0.8889243,0.8526233,0.7725495,0.7344364,0.7186377,0.7265665,0.6820003,0.6888643,0.6635022,0.7061241,0.6281043,0.6438909,0.657387,0.6569178,0.6440265,0.6864297,0.8495532,0.7116428
"United Kingdom","United Kingdom",NA,7.2084326,8.2951963,10.3739488,10.9604551,10.0568215,9.0851324,8.5625479,7.9866221,7.6245302,7.2906025,7.0924864,6.9213875,6.944166,6.8007434,6.596056,6.4369786,6.2490368,6.2357037,5.9411052,5.5021956,5.1974132,5.0763306,5.1710478,4.9061611,5.0694271,5.3396034,5.1755033,4.9232776,4.7330431,4.6797576,5.0199035,4.9837634,5.3813265,5.3968856,5.5080795,5.3207046,5.0598237,4.6866684,4.2142876,4.0409543,3.9832177,4.1168024,3.8647178,3.5906495,3.3819337,2.8541995,2.7245923,2.5601488,2.4959623,2.4229096,2.3727966,2.4111221,2.4856597,2.552062,2.4978214,2.4342032,2.3634402,2.3644431,2.480904,2.6388178,2.5682959,2.488683,2.4070863,2.2772433,2.1685946,2.0290448,1.959895,1.9199804,1.9195492,1.9764796,2.2407982,2.2232283
"Bahrain","Bahrain",NA,NA,NA,NA,NA,NA,NA,NA,NA,NA,NA,NA,NA,NA,NA,NA,NA,NA,NA,NA,NA,NA,NA,NA,NA,NA,1.5261799,1.7522872,2.0779221,4.9581313,5.8927519,5.6988913,6.9025816,8.5351619,4.790336,4.1793057,4.5881582,5.8377625,5.2532539,5.6030458,5.6446617,5.2847915,5.7037506,5.878072,5.3698552,5.1113022,5.1832318,5.2739398,5.0684874,5.333104,5.5036215,3.961671,4.1480816,4.6111066,4.6588328,4.0449288,3.2143811,3.1029477,2.9569902,2.8001614,3.6105352,3.2777559,3.5914972,3.8445737,4.1414518,4.4185895,4.6328774,4.6714409,4.3387753,4.0742948,4.0550544,4.0743974,3.5582597
"Egypt","Egypt",NA,NA,NA,NA,NA,NA,NA,NA,NA,NA,NA,NA,NA,6.6754792,8.6646884,10.3283898,10.1174345,8.7182688,8.9076985,11.1330438,14.3360534,15.9878829,17.1870122,13.5645303,13.5135135,17.2742435,15.4318461,13.7268961,13.1120585,9.9407135,6.4689379,6.1603103,7.4169096,7.1889606,7.9586739,8.2652321,7.8569331,7.4981306,6.5287428,5.0608766,3.968099,3.4676995,3.6117447,3.2155006,3.097737,3.1539347,3.0820362,2.9748119,2.8414852,2.6593833,2.5697675,2.5512651,2.9855686,3.2784548,3.1772853,2.8775312,2.7142204,2.6062186,2.3796347,2.1807855,2.032645,1.952967,1.8370256,1.6481758,1.610057,1.6896948,1.7231474,1.6666052,1.4220317,1.2499662,1.1809718,1.2241724,1.3008191
"Iran","Iran",NA,NA,NA,NA,NA,NA,NA,NA,NA,NA,NA,2.2949088,2.3466422,2.3074109,2.590357,2.8818267,3.2495249,3.8189954,4.4579918,5.1763636,5.9690542,5.8569033,3.0470125,2.2753703,1.8647054,8.7503502,12.0691929,11.2479723,10.1898301,11.1132051,5.797247,5.3431502,8.1903808,7.9068906,7.0970807,6.3548538,6.5124184,6.079336,5.8891078,6.2697776,4.5579805,2.9426501,2.169708,1.7893054,1.7003612,2.07301,2.1541659,2.2448645,2.4988747,2.6290792,2.4045517,2.2950422,2.4181793,2.1745764,2.4050403,2.8345578,3.0366545,3.3151938,2.6539828,2.6833419,3.0477055,2.7865481,2.3816345,2.7570358,2.2445348,2.2810787,2.7603117,2.9727933,3.1051842,2.4562505,2.1005671,2.1617922,2.2991602
"Iraq","Iraq",NA,NA,NA,NA,NA,NA,NA,NA,6.5426937,6.0753532,6.7127979,7.0506319,6.8513989,6.9108166,8.2508846,7.9565139,8.8732666,8.5205584,8.4270624,9.220854,11.3800847,11.1682261,10.516111,10.6410924,12.258362,12.4948194,11.6746221,11.1631002,9.8128134,8.1177594,6.1487679,5.5115247,10.8295344,NA,NA,NA,NA,NA,NA,NA,NA,NA,NA,NA,NA,NA,NA,NA,NA,NA,NA,NA,NA,NA,NA,1.6755894,2.2425803,1.8975717,2.239928,2.3677598,2.8991401,2.7093523,2.3034402,1.8995684,3.315831,2.950614,5.410251,3.5033778,3.862032,2.8515995,3.3821959,3.2651443,2.2829567
"Israel","Israel",NA,NA,NA,NA,NA,NA,NA,NA,NA,NA,NA,7.4602483,7.8650163,9.160792,9.7535741,8.984627,8.5691538,9.4346734,15.4425145,17.4280147,19.089317,23.4470563,22.7998035,20.3710188,27.8560927,27.6552864,30.4638028,29.2455931,23.0872133,22.891135,19.3846932,18.9193366,20.2622686,18.3882101,15.5468887,16.1822289,16.6006435,14.7677129,16.9001449,15.9470946,12.4457327,12.3626862,15.5869829,10.9250775,11.523244,10.1199658,7.9187439,7.7296542,7.4792679,6.9802167,6.5301233,6.297165,6.5080631,6.5940133,6.486406,6.3580351,6.2649127,6.0495645,6.3678656,6.3918011,6.1481119,5.936345,5.7696198,5.6419727,5.5522302,5.7298954,5.4891189,5.4670311,5.475427,5.3259558,5.1104418,5.3552631,5.1716243
"Jordan","Jordan",NA,NA,NA,NA,NA,NA,NA,NA,NA,NA,22.540107,20.3967447,16.5070774,18.1455004,17.1185128,14.842176,13.4099045,19.4942611,23.4924623,24.0638186,NA,18.5080264,17.152962,18.3551847,18.6651584,17.5099867,15.2466368,17.2410146,12.5292954,11.7174928,12.2138026,10.6458786,10.0089736,9.9396951,9.8508382,9.2163003,10.0481091,9.7745603,9.5775806,9.3636147,9.070781,7.7510676,9.9730896,6.9242487,6.9771094,6.539457,4.4542485,6.0269175,6.1315062,6.2746217,6.2822332,6.2565564,5.8930785,5.4460145,6.0010595,5.1417213,4.7953228,4.659324,6.0339174,6.1820981,6.5840008,5.8954208,5.5019437,4.6943794,4.2414901,4.2632196,4.259212,4.5141933,4.7649033,4.6357719,4.6420627,4.9120593,5.0189553
"Kuwait","Kuwait",NA,NA,NA,NA,NA,NA,NA,NA,NA,NA,NA,NA,NA,NA,NA,NA,NA,NA,NA,NA,NA,2.3927875,1.8921852,2.0389344,2.5249377,3.2791186,NA,NA,5.2936821,4.760788,3.5485281,3.313991,4.1270067,5.9542967,6.8305113,6.7548638,6.4341085,7.2362099,5.9762554,8.2366187,8.5398292,48.5172673,117.3498232,31.7860244,12.4402192,13.2592388,13.5815813,10.2926485,8.0864759,8.7965598,7.5902239,7.1501487,7.7006261,7.3991941,6.5439243,5.8044609,4.3430259,3.5426458,3.5903378,3.0060727,3.9718063,3.7561481,3.5014055,3.4137416,3.2715184,3.5856653,5.0075682,5.8935284,5.6074607,5.0999531,5.4841956,6.4960675,6.6906224
"Lebanon","Lebanon",NA,NA,NA,NA,NA,NA,NA,NA,NA,NA,NA,NA,NA,NA,NA,3.65625,3.8887312,4.1634342,4.8429319,4.8443716,4.6440307,4.3362104,4.0007409,5.0903378,3.8152893,NA,NA,12.1249085,4.7322844,8.4896011,10.0717489,12.3571429,9.5833333,9.2864513,13.4556206,10.9687267,6.286976,5.2638396,1.1218466,1.1865782,NA,7.5519513,5.1548887,7.9839983,6.0112788,6.9977132,6.711928,5.6618524,4.3051546,4.0232523,4.7704393,5.3921003,5.4478962,4.7533009,4.6756911,4.5142451,4.4789317,4.5760378,4.6323984,4.0013145,4.020042,4.1265531,4.0586566,3.9893763,4.1653981,4.6781752,4.4868843,5.0626631,4.5051398,4.9527615,4.7079006,3.0326454,NA
"Oman","Oman",NA,NA,NA,NA,NA,NA,NA,NA,NA,NA,NA,NA,NA,NA,NA,NA,NA,NA,NA,NA,NA,NA,9.6522782,14.8615057,18.5950413,15.5277045,24.958575,23.0097252,18.7816857,20.9499419,15.6407473,14.9098813,15.7134256,16.6660292,17.1593699,16.8930417,15.5614661,15.8665776,13.2023149,13.6997984,12.5,12.3909415,11.0639103,12.1840929,11.5257307,11.7664526,10.9676477,9.4070783,9.3579112,9.4633248,8.6300868,8.0852671,9.3557435,9.2760283,9.1028867,9.00781,8.8121419,8.1218299,7.709506,5.6850144,6.9592977,6.4355759,7.3521652,12.0740662,11.1269749,10.1305575,10.930961,12.1195482,9.6357879,9.5429583,8.6376912,9.8470334,7.3443838
"Qatar","Qatar",NA,NA,NA,NA,NA,NA,NA,NA,NA,NA,NA,NA,NA,NA,NA,NA,NA,NA,NA,NA,NA,NA,NA,NA,NA,NA,NA,NA,NA,NA,NA,7.8686809,12.2168018,19.2773868,13.9584834,12.7339251,24.8464149,NA,15.8895334,16.2723509,13.0775745,10.7438788,13.0112548,NA,NA,NA,NA,NA,NA,NA,NA,NA,NA,3.9299699,3.3339948,2.4338597,1.9930163,1.7505076,1.9598416,2.0105009,1.9922132,1.4739091,NA,NA,NA,NA,NA,NA,NA,NA,NA,NA,4.8068114
"Saudi Arabia","Saudi Arabia",NA,NA,NA,NA,NA,NA,NA,NA,NA,NA,NA,NA,NA,NA,5.9026977,5.9663054,7.6900894,11.3242315,11.5118314,8.0874549,9.5705157,9.4035274,8.6401941,10.0815516,10.8404476,NA,NA,NA,15.6488184,16.7365738,15.7688118,12.6133592,13.2652389,17.7202464,16.9729273,19.0043484,16.9952009,NA,16.8964142,15.1518819,13.3903166,14.0242926,12.469808,11.284158,12.4653723,10.6447817,9.2784684,8.4680778,11.0009354,14.3110375,11.381936,10.5344033,11.4190049,9.7580638,8.6871185,8.0815557,7.7305992,7.8483674,8.5270512,7.3534385,9.6171993,8.5656774,7.2300533,7.676603,8.9761277,10.6779101,13.3256723,9.8727385,10.2238485,9.4863557,8.2427994,9.2210752,6.5944759
"Syria","Syria",NA,NA,NA,NA,NA,NA,NA,NA,NA,NA,NA,10.5177467,9.5449173,13.4699854,NA,8.6429725,8.8779528,7.7471765,8.2139619,12.1648794,10.8261693,11.2205882,8.436291,10.7715648,15.0694656,12.6601452,15.9489246,14.7259858,14.5041276,14.7056099,15.9285678,17.2498537,14.5461179,15.5593999,14.6389052,17.6860184,16.5551217,14.4496813,11.2182097,7.8539294,7.9725408,6.8680868,10.4257873,8.9906628,7.2380998,7.3641427,6.9496913,6.0419161,5.8827553,5.8083811,5.8105805,5.4536564,5.4805505,5.4125012,6.2483243,5.5418387,5.0264199,4.3944468,4.1005437,3.5523398,4.0277078,4.0561417,NA,NA,NA,NA,NA,NA,NA,NA,NA,NA,NA
"Turkey","Turkey",NA,NA,NA,NA,NA,NA,NA,NA,NA,NA,NA,3.5315712,3.7645429,3.7110834,3.3873391,3.4224652,3.5544186,3.1439811,3.2595745,3.2755556,3.0793379,3.2564885,3.4997938,3.4455206,3.3494505,3.1930214,5.1194539,4.9430272,4.713623,4.1873064,3.3572586,3.9003133,3.8245319,4.2981513,3.9376052,3.5970938,3.5310432,3.6379925,3.3285853,2.9322086,3.1487265,3.5277057,3.7543642,3.8705665,3.9214173,4.0513593,3.9016497,4.1396969,4.1036722,3.1845009,3.8890174,3.6610947,3.6034571,3.7959269,3.2960472,2.6979837,2.4093705,2.3595223,2.2179293,2.1992739,2.4893117,2.2717142,2.0275066,2.0094478,1.9239593,1.8719666,1.8128483,2.0503246,2.0500658,2.5236954,2.6898734,2.432212,2.0638965
"United Arab Emirates","United Arab Emirates",NA,NA,NA,NA,NA,NA,NA,NA,NA,NA,NA,NA,NA,NA,NA,NA,NA,NA,NA,NA,NA,NA,NA,NA,NA,NA,NA,NA,NA,NA,NA,NA,NA,NA,NA,NA,NA,NA,NA,NA,NA,NA,NA,NA,NA,NA,NA,NA,6.7590615,8.6297212,7.669538,8.3237222,5.6121055,4.8755318,4.6923063,4.6114776,3.6564707,3.2259745,3.2805214,3.6680226,5.4571078,6.0385922,5.4663145,5.0755565,6.0346863,5.6436514,NA,NA,NA,NA,NA,NA,NA
"Yemen, North","Yemen, North",NA,NA,NA,NA,NA,NA,NA,NA,NA,NA,NA,NA,NA,NA,NA,NA,NA,NA,NA,NA,NA,NA,NA,NA,NA,NA,NA,NA,NA,NA,NA,NA,NA,NA,NA,NA,NA,NA,NA,NA,NA,NA,NA,NA,NA,NA,NA,NA,NA,NA,NA,NA,NA,NA,NA,NA,NA,NA,NA,NA,NA,NA,NA,NA,NA,NA,NA,NA,NA,NA,NA,NA,NA
"Yemen","Yemen",NA,NA,NA,NA,NA,NA,NA,NA,NA,NA,NA,NA,NA,NA,NA,NA,NA,NA,NA,NA,NA,NA,NA,NA,NA,NA,NA,NA,NA,NA,NA,NA,NA,NA,NA,NA,NA,NA,NA,NA,NA,6.5511834,7.0112189,7.2770432,7.0639204,8.398759,6.3505785,5.2813459,5.8057526,6.0815687,5.1727224,4.9153924,5.4810147,6.895608,6.8545521,5.3013665,4.868317,4.3084668,4.8507235,4.4458295,5.6536485,4.685557,4.9264617,4.5738843,4.0795274,3.9668911,NA,NA,NA,NA,NA,NA,NA
